side,entry_time,exit_time,duration_hours,entry_price,exit_price,price_move_pct,net_pnl,return_on_equity,r_multiple,exit_category,exit_reason,result,year,entry_hour
long,2020-01-07T00:00:00+00:00,2020-01-07T02:00:00+00:00,2.0,7760.451779999999,7904.088866,1.8508856194452206,20.437211780544665,0.020437211780544664,0.6812403926848222,correction_exit,correction depth 3.88 ATR >= 2.5,win,2020,0
short,2020-01-09T18:00:00+00:00,2020-01-09T19:00:00+00:00,1.0,7796.670354,7936.599145285714,-1.794724990699721,-32.356919552091476,-0.031708878487126516,-1.0569626162375505,risk_stop,risk_stop,loss,2020,18
long,2020-01-14T02:00:00+00:00,2020-01-14T17:00:00+00:00,15.0,8433.516366,8675.484556,2.869125753706987,20.310394191277233,0.020555408655576427,0.6851802885192143,correction_exit,correction depth 3.95 ATR >= 2.5,win,2020,2
short,2020-01-24T11:00:00+00:00,2020-01-24T12:00:00+00:00,1.0,8243.800910000002,8354.870104178572,-1.347305634756891,-32.54969496695777,-0.03227885323150372,-1.0759617743834575,risk_stop,risk_stop,loss,2020,11
long,2020-01-27T13:00:00+00:00,2020-01-28T17:00:00+00:00,28.0,8747.879226,8966.05643,2.4940582553031403,46.34562487620989,0.04749300888376634,1.5831002961255447,correction_exit,correction depth 3.98 ATR >= 2.5,win,2020,13
short,2020-02-02T04:00:00+00:00,2020-02-02T06:00:00+00:00,2.0,9264.936642,9350.745310821429,-0.9261657379548436,-34.06905273393606,-0.03332958208383664,-1.1109860694612215,risk_stop,risk_stop,loss,2020,4
short,2020-02-03T17:00:00+00:00,2020-02-03T19:00:00+00:00,2.0,9261.287371999999,9310.181664,-0.5279427150465585,-15.547470897141643,-0.015734434312224568,-0.5244811437408189,correction_exit,two opposing-body correction bars with depth 1.53 ATR,loss,2020,17
long,2020-02-05T12:00:00+00:00,2020-02-05T20:00:00+00:00,8.0,9421.053834,9653.998814,2.472600030787598,35.6968891175739,0.036703667309521,1.2234555769840334,correction_exit,correction depth 3.52 ATR >= 2.5,win,2020,12
long,2020-02-18T17:00:00+00:00,2020-02-18T23:00:00+00:00,6.0,9921.743952,10166.856222,2.4704555084853856,29.029084966087506,0.028791069716294714,0.9597023238764905,correction_exit,correction depth 2.54 ATR >= 2.5,win,2020,17
long,2020-03-05T11:00:00+00:00,2020-03-06T14:00:00+00:00,27.0,9088.177272,9059.157806,-0.3193100787042125,-5.810322244754617,-0.005601411622799639,-0.18671372075998796,correction_exit,two opposing-body correction bars with depth 1.98 ATR,loss,2020,11
short,2020-03-08T16:00:00+00:00,2020-03-08T18:00:00+00:00,2.0,8399.16983,8311.561979999999,1.0430536799849675,8.607015071924932,0.00834428892256762,0.2781429640855873,correction_exit,correction depth 3.61 ATR >= 2.5,win,2020,16
short,2020-03-12T08:00:00+00:00,2020-03-12T13:00:00+00:00,5.0,7390.641576,6029.425644,18.41810237991171,144.7216556686353,0.13914302770752568,4.638100923584189,correction_exit,correction depth 6.93 ATR >= 2.5,win,2020,8
short,2020-03-13T01:00:00+00:00,2020-03-13T05:00:00+00:00,4.0,4655.778658,4772.4543,-2.506039280873394,-3.435971672675363,-0.0029000083290436516,-0.09666694430145506,correction_exit,correction depth 4.38 ATR >= 2.5,loss,2020,1
long,2020-03-30T22:00:00+00:00,2020-03-31T00:00:00+00:00,2.0,6530.545848,6393.17111,-2.1035720626947434,-26.99933585725027,-0.02285409557234529,-0.7618031857448431,correction_exit,correction depth 2.75 ATR >= 2.5,loss,2020,22
long,2020-04-02T16:00:00+00:00,2020-04-02T20:00:00+00:00,4.0,6806.361,6800.049718,-0.09272623065393776,-2.1692189151897505,-0.0018791217725887062,-0.06263739241962354,correction_exit,correction depth 6.35 ATR >= 2.5,loss,2020,16
long,2020-04-06T06:00:00+00:00,2020-04-07T15:00:00+00:00,33.0,6995.888897999999,7281.84334,4.087464025933151,57.258523132096435,0.049694525005445744,1.6564841668481916,correction_exit,correction depth 2.92 ATR >= 2.5,win,2020,6
long,2020-04-12T14:00:00+00:00,2020-04-12T20:00:00+00:00,6.0,6919.373597999999,7110.707574,2.765192156343526,81.36156497551771,0.0672705166754828,2.2423505558494266,correction_exit,correction depth 2.81 ATR >= 2.5,win,2020,14
short,2020-04-20T19:00:00+00:00,2020-04-22T13:00:00+00:00,42.0,6864.546816,7070.62759275,-3.0021031580651987,-40.04707775280886,-0.031024285512602664,-1.034142850420089,risk_stop,risk_stop,loss,2020,19
long,2020-04-23T15:00:00+00:00,2020-04-29T19:00:00+00:00,148.0,7538.777454,8622.375180000001,14.373653189948655,98.06698628215243,0.07840448278105691,2.613482759368564,correction_exit,correction depth 4.44 ATR >= 2.5,win,2020,15
long,2020-05-06T12:00:00+00:00,2020-05-06T14:00:00+00:00,2.0,9315.822791999999,9224.50473,-0.980246877156339,-14.399611580733028,-0.010675473776478801,-0.35584912588262674,correction_exit,correction depth 2.70 ATR >= 2.5,loss,2020,12
long,2020-05-13T13:00:00+00:00,2020-05-14T13:00:00+00:00,24.0,9091.117859999998,9583.942828000001,5.42095015804803,106.25151292572502,0.07962193496810986,2.6540644989369957,correction_exit,correction depth 4.90 ATR >= 2.5,win,2020,13
long,2020-05-27T12:00:00+00:00,2020-05-28T03:00:00+00:00,15.0,9150.699774,9202.529126000001,0.5663976884834977,7.743264276049226,0.005374647513398137,0.17915491711327125,correction_exit,two opposing-body correction bars with depth 1.90 ATR,win,2020,12
long,2020-06-02T00:00:00+00:00,2020-06-02T14:00:00+00:00,14.0,10204.750542,9625.032644107143,-5.680863001078707,-44.1946780980834,-0.030511808552777155,-1.0170602850925718,risk_stop,risk_stop,loss,2020,0
short,2020-06-11T17:00:00+00:00,2020-06-11T19:00:00+00:00,2.0,9115.186598,9317.123052,-2.215384751907419,-16.702682267366047,-0.0118943762370353,-0.39647920790117663,correction_exit,correction depth 2.84 ATR >= 2.5,loss,2020,17
long,2020-07-01T17:00:00+00:00,2020-07-02T06:00:00+00:00,13.0,9286.857,9200.597905178573,-0.9288297948533872,-46.180398741240644,-0.03328202630434823,-1.109400876811608,risk_stop,risk_stop,loss,2020,17
short,2020-07-09T16:00:00+00:00,2020-07-10T10:00:00+00:00,18.0,9206.738284000001,9186.616956,0.2185500160786485,2.5679483022489658,0.0019144259127204279,0.06381419709068094,correction_exit,two opposing-body correction bars with depth 1.52 ATR,win,2020,16
long,2020-07-26T10:00:00+00:00,2020-07-26T12:00:00+00:00,2.0,9839.547516,9968.865828,1.3142709234313477,33.0560449306771,0.024596456689123712,0.8198818896374571,correction_exit,correction depth 5.95 ATR >= 2.5,win,2020,10
long,2020-07-27T18:00:00+00:00,2020-07-28T00:00:00+00:00,6.0,10874.734511999999,11027.754008,1.4071101766314165,9.622459898545038,0.006988032532850916,0.2329344177616972,correction_exit,correction depth 4.58 ATR >= 2.5,win,2020,18
long,2020-07-31T17:00:00+00:00,2020-08-02T04:00:00+00:00,35.0,11354.160377999999,11193.41301242857,-1.4157573983444516,-44.552969084492354,-0.03213077127026181,-1.071025709008727,risk_stop,risk_stop,loss,2020,17
long,2020-08-05T14:00:00+00:00,2020-08-06T00:00:00+00:00,10.0,11612.322,11742.561018,1.1215587890173921,20.348180654239126,0.015161892082431308,0.5053964027477102,correction_exit,correction depth 3.73 ATR >= 2.5,win,2020,14
long,2020-08-10T03:00:00+00:00,2020-08-10T10:00:00+00:00,7.0,11998.869293999998,11713.646802,-2.377078081370748,-42.58128579831407,-0.03125440829597099,-1.0418136098656996,risk_stop,risk_stop,loss,2020,3
long,2020-08-15T02:00:00+00:00,2020-08-15T12:00:00+00:00,10.0,11924.144352,11735.441370785715,-1.5825284871080418,-42.104389838660396,-0.031901429836200326,-1.063380994540011,risk_stop,risk_stop,loss,2020,2
short,2020-08-25T14:00:00+00:00,2020-08-25T21:00:00+00:00,7.0,11443.580826000001,11260.471644,1.6001038904184164,35.538717648711206,0.027814095724676278,0.927136524155876,correction_exit,correction depth 3.18 ATR >= 2.5,win,2020,14
long,2020-08-30T03:00:00+00:00,2020-08-30T16:00:00+00:00,13.0,11627.985132,11613.886757999999,-0.12124520146833172,-6.436442253236754,-0.0049011105625726276,-0.16337035208575426,correction_exit,two opposing-body correction bars with depth 2.20 ATR,loss,2020,3
long,2020-09-01T08:00:00+00:00,2020-09-02T06:00:00+00:00,22.0,11926.124748,11757.652641928571,-1.4126307550127024,-41.995617530189236,-0.03213559554535071,-1.071186518178357,risk_stop,risk_stop,loss,2020,8
long,2020-09-12T20:00:00+00:00,2020-09-13T11:00:00+00:00,15.0,10463.332247999999,10363.737730678573,-0.9518432078887943,-41.9930202116211,-0.03320052674251762,-1.1066842247505873,risk_stop,risk_stop,loss,2020,20
long,2020-09-14T13:00:00+00:00,2020-09-14T19:00:00+00:00,6.0,10506.360852,10672.845004,1.5846034068809738,45.92217003841426,0.037553797514699575,1.2517932504899858,correction_exit,two opposing-body correction bars with depth 1.64 ATR,win,2020,13
long,2020-09-16T17:00:00+00:00,2020-09-17T04:00:00+00:00,11.0,11061.791916,10858.188463607143,-1.840600997912113,-40.1300234461061,-0.03162934855186941,-1.0543116183956471,risk_stop,risk_stop,loss,2020,17
short,2020-09-21T11:00:00+00:00,2020-09-23T22:00:00+00:00,59.0,10666.456282000001,10254.420474,3.862911890384107,70.64965667299121,0.05750283683554075,1.9167612278513584,correction_exit,correction depth 2.75 ATR >= 2.5,win,2020,11
long,2020-09-24T17:00:00+00:00,2020-10-21T16:00:00+00:00,647.0,10674.33444,12732.453,19.281001279926162,264.8205356541289,0.2038211903087731,6.794039676959104,correction_exit,correction depth 5.82 ATR >= 2.5,win,2020,17
long,2020-10-21T16:00:00+00:00,2020-10-22T02:00:00+00:00,10.0,12737.547,12845.340418,0.8462651246743136,13.128536660162771,0.008393672330061809,0.27978907766872696,correction_exit,correction depth 3.26 ATR >= 2.5,win,2020,16
long,2020-10-25T05:00:00+00:00,2020-10-25T06:00:00+00:00,1.0,13314.46236,13104.414307142857,-1.5775932003696955,-50.32541415283257,-0.03190751160695342,-1.0635837202317806,risk_stop,risk_stop,loss,2020,5
long,2020-10-27T12:00:00+00:00,2020-10-27T20:00:00+00:00,8.0,13452.489959999999,13654.16862,1.4991920499452387,25.67158925882289,0.01681285561730997,0.560428520576999,correction_exit,correction depth 3.01 ATR >= 2.5,win,2020,12
long,2020-10-29T16:00:00+00:00,2020-10-30T04:00:00+00:00,12.0,13439.627388,13429.653532,-0.07421229556487555,-3.9379036806422896,-0.002536371057539338,-0.08454570191797793,correction_exit,two opposing-body correction bars with depth 2.11 ATR,loss,2020,16
long,2020-11-05T12:00:00+00:00,2020-11-05T18:00:00+00:00,6.0,14720.553522,15034.652468,2.133744125386157,44.94310006076229,0.02902108575151997,0.9673695250506656,correction_exit,correction depth 4.96 ATR >= 2.5,win,2020,12
long,2020-11-17T13:00:00+00:00,2020-11-17T19:00:00+00:00,6.0,17086.426602,17634.612372,3.2083113852245373,66.69037467813114,0.04184942681904688,1.3949808939682293,correction_exit,correction depth 4.09 ATR >= 2.5,win,2020,13
long,2020-11-18T05:00:00+00:00,2020-11-18T06:00:00+00:00,1.0,18372.543773999998,17550.74575582143,-4.472968078277433,-50.8964289641175,-0.030655521723578952,-1.0218507241192984,risk_stop,risk_stop,loss,2020,5
long,2020-11-20T16:00:00+00:00,2020-11-21T04:00:00+00:00,12.0,18672.293712000002,18655.738106,-0.08866401876145528,-3.1651189003723497,-0.0019666781293862495,-0.06555593764620832,correction_exit,two opposing-body correction bars with depth 1.72 ATR,loss,2020,16
long,2020-11-28T17:00:00+00:00,2020-11-29T13:00:00+00:00,20.0,17710.801452,18026.473984000004,1.782372936964728,35.02356797119205,0.021805126193474512,0.7268375397824838,correction_exit,two opposing-body correction bars with depth 2.30 ATR,win,2020,17
long,2020-11-30T02:00:00+00:00,2020-11-30T17:00:00+00:00,15.0,18485.79642,19192.570718,3.823337020174759,98.38100268657472,0.05994340168153087,1.9981133893843623,correction_exit,correction depth 4.05 ATR >= 2.5,win,2020,2
short,2020-12-04T12:00:00+00:00,2020-12-06T23:00:00+00:00,59.0,18830.713104,19410.11446092857,-3.076895461837263,-53.927406747666886,-0.03099966503304157,-1.0333221677680524,risk_stop,risk_stop,loss,2020,12
long,2020-12-12T20:00:00+00:00,2020-12-13T16:00:00+00:00,20.0,18809.051058,19207.497732,2.1183773321223915,54.027675008347884,0.032050869523474426,1.0683623174491477,correction_exit,correction depth 2.57 ATR >= 2.5,win,2020,20
long,2020-12-15T02:00:00+00:00,2020-12-15T04:00:00+00:00,2.0,19458.951012,19211.35981657143,-1.272376888537762,-56.32629395289069,-0.03237677674903931,-1.0792258916346438,risk_stop,risk_stop,loss,2020,2
long,2020-12-16T15:00:00+00:00,2020-12-17T12:00:00+00:00,21.0,20654.140001999996,22747.599570000002,10.135786664549046,111.15159934488054,0.06602856614672116,2.2009522048907053,correction_exit,correction depth 6.83 ATR >= 2.5,win,2020,15
long,2020-12-25T11:00:00+00:00,2020-12-25T13:00:00+00:00,2.0,23982.215483999997,24342.100606,1.5006333432376366,46.66024082987681,0.026001253398107292,0.8667084466035765,correction_exit,correction depth 3.56 ATR >= 2.5,win,2020,11
long,2020-12-26T16:00:00+00:00,2020-12-26T23:00:00+00:00,7.0,25635.115998,26408.137316,3.015478135774025,51.007849799430936,0.02770361435065128,0.923453811688376,correction_exit,correction depth 4.13 ATR >= 2.5,win,2020,16
long,2021-01-02T14:00:00+00:00,2021-01-02T18:00:00+00:00,4.0,31552.369212,32850.37861,4.113825460391542,37.96790302614213,0.020065414897134714,0.6688471632378238,correction_exit,correction depth 3.79 ATR >= 2.5,win,2021,14
long,2021-01-08T12:00:00+00:00,2021-01-08T20:00:00+00:00,8.0,41294.927334,38927.40938928571,-5.733193148798694,-58.883736846242655,-0.03050695577894023,-1.0168985259646743,risk_stop,risk_stop,loss,2021,12
long,2021-01-13T20:00:00+00:00,2021-01-15T16:00:00+00:00,44.0,36009.440447999994,34510.92661253572,-4.161447156137373,-57.46018724587356,-0.030706184053158402,-1.0235394684386134,risk_stop,risk_stop,loss,2021,20
short,2021-01-15T16:00:00+00:00,2021-01-20T19:00:00+00:00,123.0,35603.667842,35257.440078,0.972449708093204,7.251719375461901,0.003998014450115768,0.13326714833719228,correction_exit,two opposing-body correction bars with depth 2.31 ATR,win,2021,16
short,2021-01-21T10:00:00+00:00,2021-01-22T03:00:00+00:00,17.0,32873.503984,30717.062184,6.559817295562939,58.910952352745404,0.03234942454656115,1.0783141515520385,correction_exit,correction depth 2.98 ATR >= 2.5,win,2021,10
long,2021-01-25T14:00:00+00:00,2021-01-25T21:00:00+00:00,7.0,34551.4089,32901.53034189286,-4.77514118999397,-57.551699064525046,-0.030612721852518236,-1.020424061750608,risk_stop,risk_stop,loss,2021,14
long,2021-01-29T10:00:00+00:00,2021-02-08T15:00:00+00:00,245.0,36882.8751,43552.217814,18.08249138907288,70.3055885659452,0.03857769972030614,1.2859233240102048,correction_exit,correction depth 2.64 ATR >= 2.5,win,2021,10
long,2021-02-19T17:00:00+00:00,2021-02-20T15:00:00+00:00,22.0,54379.483722,56269.573834,3.475741185154618,61.34198638224337,0.03240897695854773,1.0802992319515912,correction_exit,correction depth 2.91 ATR >= 2.5,win,2021,17
short,2021-02-28T05:00:00+00:00,2021-02-28T09:00:00+00:00,4.0,44375.503123999995,44865.581322,-1.1043890513884664,-20.27308682683174,-0.010374701141206337,-0.3458233713735446,correction_exit,two opposing-body correction bars with depth 1.82 ATR,loss,2021,5
long,2021-03-01T10:00:00+00:00,2021-03-03T16:00:00+00:00,54.0,47356.979502,50757.19653,7.179970225627248,153.33264587384392,0.07929020768184933,2.643006922728311,correction_exit,correction depth 2.89 ATR >= 2.5,win,2021,10
short,2021-03-04T19:00:00+00:00,2021-03-07T07:00:00+00:00,60.0,47590.48,50176.35433564285,-5.4335958276589045,-63.808961721384904,-0.030572317894457118,-1.0190772631485707,risk_stop,risk_stop,loss,2021,19
long,2021-03-09T03:00:00+00:00,2021-03-10T04:00:00+00:00,25.0,53603.55856799999,53457.636334,-0.27222490054438764,-6.35142905292485,-0.003139082452261398,-0.10463608174204661,correction_exit,correction depth 3.69 ATR >= 2.5,loss,2021,3
short,2021-03-22T21:00:00+00:00,2021-03-24T12:00:00+00:00,39.0,54494.039012,56770.3993095,-4.177264777526812,-62.00187146842155,-0.030739832788148867,-1.0246610929382955,risk_stop,risk_stop,loss,2021,21
long,2021-04-10T05:00:00+00:00,2021-04-10T07:00:00+00:00,2.0,61086.304818,60564.68464000001,-0.8539069101562137,-13.395188736038524,-0.006851807832630005,-0.22839359442100018,correction_exit,two opposing-body correction bars with depth 2.08 ATR,loss,2021,5
long,2021-04-13T10:00:00+00:00,2021-04-14T10:00:00+00:00,24.0,62936.814846,63555.696318,0.9833377706106372,16.21898795037562,0.00835345296822396,0.278448432274132,correction_exit,correction depth 3.06 ATR >= 2.5,win,2021,10
short,2021-04-16T11:00:00+00:00,2021-04-16T14:00:00+00:00,3.0,60235.480494,61441.07486496428,-2.001468837099029,-61.73455041917553,-0.031532454705186466,-1.0510818235062156,risk_stop,risk_stop,loss,2021,11
long,2021-04-26T19:00:00+00:00,2021-04-26T21:00:00+00:00,2.0,54256.719174,53107.287667749995,-2.118505364402524,-59.55798348229757,-0.03141119104963399,-1.0470397016544664,risk_stop,risk_stop,loss,2021,19
short,2021-04-29T18:00:00+00:00,2021-04-29T22:00:00+00:00,4.0,52732.431404,53339.86584,-1.1519181267145577,-29.151749228549207,-0.015873386529852263,-0.5291128843284088,correction_exit,two opposing-body correction bars with depth 1.79 ATR,loss,2021,18
short,2021-05-19T03:00:00+00:00,2021-05-19T16:00:00+00:00,13.0,40316.505086,37317.602028,7.43840035638747,61.028179529701525,0.03376637280554059,1.1255457601846863,correction_exit,correction depth 7.87 ATR >= 2.5,win,2021,3
short,2021-05-21T16:00:00+00:00,2021-05-21T23:00:00+00:00,7.0,36795.919344,36671.3328,0.3385879364373607,1.000624222905645,0.0005355531856110343,0.017851772853701143,correction_exit,correction depth 2.84 ATR >= 2.5,win,2021,16
short,2021-05-23T10:00:00+00:00,2021-05-23T12:00:00+00:00,2.0,34200.178596,35393.87736,-3.490329036292266,-34.94329451745206,-0.01869230755425046,-0.6230769184750153,correction_exit,two opposing-body correction bars with depth 1.85 ATR,loss,2021,10
long,2021-05-24T13:00:00+00:00,2021-05-24T22:00:00+00:00,9.0,38218.852242,38459.726516,0.6302498894388479,5.571310936533499,0.0030370452550329188,0.10123484183443063,correction_exit,two opposing-body correction bars with depth 1.64 ATR,win,2021,13
short,2021-05-28T06:00:00+00:00,2021-05-28T14:00:00+00:00,8.0,36989.050709999996,36930.98472,0.15698156315295045,1.1084089342191954,0.0006023888306870086,0.020079627689566955,correction_exit,correction depth 3.18 ATR >= 2.5,win,2021,6
long,2021-06-03T07:00:00+00:00,2021-06-04T01:00:00+00:00,18.0,38956.809804,37861.29801135714,-2.8121188520174276,-57.17844227231757,-0.031056154399594537,-1.0352051466531513,risk_stop,risk_stop,loss,2021,7
long,2021-06-09T17:00:00+00:00,2021-06-10T13:00:00+00:00,20.0,36495.317603999996,37764.34562,3.477235161424967,32.856020618651044,0.018417543803159072,0.6139181267719691,correction_exit,two opposing-body correction bars with depth 1.54 ATR,win,2021,17
long,2021-06-13T18:00:00+00:00,2021-06-14T04:00:00+00:00,10.0,37307.46,38967.344972,4.449203917929551,60.977370511871165,0.03356290700265191,1.1187635667550637,correction_exit,two opposing-body correction bars with depth 2.25 ATR,win,2021,18
short,2021-06-18T16:00:00+00:00,2021-06-21T14:00:00+00:00,70.0,36348.698806,33158.78043,8.775880515077608,164.68657660730358,0.08770253851000082,2.9234179503333606,correction_exit,correction depth 2.77 ATR >= 2.5,win,2021,16
short,2021-06-21T23:00:00+00:00,2021-06-22T01:00:00+00:00,2.0,31270.274694,32806.412649107144,-4.912454304093118,-62.563711657782626,-0.03063136327400747,-1.0210454424669158,risk_stop,risk_stop,loss,2021,23
short,2021-06-22T14:00:00+00:00,2021-06-22T15:00:00+00:00,1.0,29233.1522,31526.226305892855,-7.844087733695904,-60.19227287845887,-0.030401541050145264,-1.0133847016715087,risk_stop,risk_stop,loss,2021,14
short,2021-06-25T13:00:00+00:00,2021-06-26T01:00:00+00:00,12.0,33087.261224,32006.399999999998,3.266698977236581,65.48159980961687,0.034110039357314825,1.1370013119104943,correction_exit,two opposing-body correction bars with depth 1.74 ATR,win,2021,13
short,2021-06-26T09:00:00+00:00,2021-06-26T11:00:00+00:00,2.0,30405.757632,31102.329222,-2.2909200238671414,-27.150465126454943,-0.013676452419763108,-0.45588174732543696,correction_exit,two opposing-body correction bars with depth 1.57 ATR,loss,2021,9
long,2021-06-28T00:00:00+00:00,2021-06-28T11:00:00+00:00,11.0,34709.430497999994,34180.422548,-1.5241043785794013,-15.928233452783637,-0.008134753463955108,-0.27115844879850365,correction_exit,two opposing-body correction bars with depth 2.26 ATR,loss,2021,0
short,2021-07-01T08:00:00+00:00,2021-07-01T22:00:00+00:00,14.0,33343.33,33510.040667999994,-0.49998205938036916,-9.1718941953689,-0.004722621564560738,-0.15742071881869127,correction_exit,two opposing-body correction bars with depth 2.16 ATR,loss,2021,8
long,2021-07-04T07:00:00+00:00,2021-07-05T00:00:00+00:00,17.0,35423.303244,35281.072373999996,-0.4015178060055643,-12.094523978653575,-0.006257037480114447,-0.2085679160038149,correction_exit,correction depth 2.60 ATR >= 2.5,loss,2021,7
short,2021-07-08T01:00:00+00:00,2021-07-08T14:00:00+00:00,13.0,33203.817908,32512.421184,2.0822807964906227,36.82380559437646,0.01917055029415708,0.6390183431385693,correction_exit,correction depth 2.86 ATR >= 2.5,win,2021,1
short,2021-07-19T14:00:00+00:00,2021-07-20T05:00:00+00:00,15.0,30600.658644,29665.051824,3.0574728174468535,63.40949013630088,0.032390175836900605,1.0796725278966868,correction_exit,correction depth 2.69 ATR >= 2.5,win,2021,14
long,2021-07-26T01:00:00+00:00,2021-07-26T03:00:00+00:00,2.0,36766.081746,38030.012476,3.4377629325091474,32.741103172890455,0.016199756614674998,0.5399918871558332,correction_exit,correction depth 7.89 ATR >= 2.5,win,2021,1
long,2021-07-28T00:00:00+00:00,2021-08-01T07:00:00+00:00,103.0,39464.501322,41699.268478,5.662727466808764,90.22761483977595,0.04393145343837511,1.4643817812791704,correction_exit,two opposing-body correction bars with depth 1.52 ATR,win,2021,0
long,2021-08-19T20:00:00+00:00,2021-08-21T20:00:00+00:00,48.0,46719.342,48968.884264,4.815012728561125,122.40707787039065,0.05709139334557899,1.9030464448526332,correction_exit,two opposing-body correction bars with depth 2.12 ATR,win,2021,20
long,2021-08-23T03:00:00+00:00,2021-08-23T19:00:00+00:00,16.0,50056.279253999994,49204.10881682143,-1.7024246505706282,-71.99335559778768,-0.031764643926907345,-1.058821464230245,risk_stop,risk_stop,loss,2021,3
short,2021-08-25T10:00:00+00:00,2021-08-25T14:00:00+00:00,4.0,47236.50081,48298.00141875,-2.2472041547270583,-68.8302958787878,-0.03136535982191879,-1.04551199406396,risk_stop,risk_stop,loss,2021,10
long,2021-09-05T22:00:00+00:00,2021-09-06T14:00:00+00:00,16.0,51710.329997999994,51466.534634,-0.4714635625211052,-15.582123878953748,-0.0073305623872270825,-0.2443520795742361,correction_exit,correction depth 3.30 ATR >= 2.5,loss,2021,22
long,2021-09-07T00:00:00+00:00,2021-09-07T08:00:00+00:00,8.0,52676.733239999994,51969.190332750004,-1.34317916797604,-68.04642859082144,-0.0322486342519716,-1.07495447506572,risk_stop,risk_stop,loss,2021,0
long,2021-09-15T15:00:00+00:00,2021-09-16T14:00:00+00:00,23.0,47869.882062,47235.935923000005,-1.3243110525714676,-65.91897968480573,-0.03228142326443793,-1.0760474421479311,risk_stop,risk_stop,loss,2021,15
long,2021-09-22T17:00:00+00:00,2021-09-24T10:00:00+00:00,41.0,43347.667799999996,42190.1427835,-2.670328244279837,-61.483337459545425,-0.031113620739906703,-1.0371206913302236,risk_stop,risk_stop,loss,2021,17
long,2021-10-01T09:00:00+00:00,2021-10-01T12:00:00+00:00,3.0,44954.799161999996,47478.572386,5.614024022007718,124.40916008251276,0.06497894069316204,2.165964689772068,correction_exit,correction depth 6.75 ATR >= 2.5,win,2021,9
long,2021-10-01T12:00:00+00:00,2021-10-01T14:00:00+00:00,2.0,47497.567614,46971.543812,-1.1074752422584049,-12.244553830869338,-0.006005127239871215,-0.20017090799570716,correction_exit,two opposing-body correction bars with depth 1.56 ATR,loss,2021,12
long,2021-10-05T10:00:00+00:00,2021-10-06T15:00:00+00:00,29.0,50279.403869999995,54489.49992,8.373400887738107,248.79571795276422,0.12275466522281223,4.091822174093741,correction_exit,correction depth 6.38 ATR >= 2.5,win,2021,10
long,2021-10-11T15:00:00+00:00,2021-10-11T22:00:00+00:00,7.0,57459.479598,57145.108692,-0.547117565629569,-21.57877826282945,-0.009482810870768726,-0.31609369569229084,correction_exit,two opposing-body correction bars with depth 1.82 ATR,loss,2021,15
long,2021-10-15T18:00:00+00:00,2021-10-15T22:00:00+00:00,4.0,61774.362402,61197.178116,-0.9343427654403589,-21.861232037034295,-0.009698908314462231,-0.32329694381540774,correction_exit,correction depth 3.24 ATR >= 2.5,loss,2021,18
long,2021-10-20T15:00:00+00:00,2021-10-21T14:00:00+00:00,23.0,66700.18737,63991.711597500005,-4.060671910073518,-68.58043913955292,-0.030724245302850627,-1.0241415100950209,risk_stop,risk_stop,loss,2021,15
long,2021-10-25T15:00:00+00:00,2021-10-26T04:00:00+00:00,13.0,63350.41755,62455.089697642856,-1.4132943190950484,-69.52466079689967,-0.03213456988477081,-1.0711523294923602,risk_stop,risk_stop,loss,2021,15
long,2021-10-28T10:00:00+00:00,2021-10-28T18:00:00+00:00,8.0,61061.789916,58811.915621071435,-3.6845862167218133,-64.49677467584974,-0.030800419506497437,-1.0266806502165813,risk_stop,risk_stop,loss,2021,10
short,2021-11-03T14:00:00+00:00,2021-11-03T19:00:00+00:00,5.0,61808.705786,63279.73538067857,-2.379971520147516,-63.502970505170246,-0.03128956013804106,-1.042985337934702,risk_stop,risk_stop,loss,2021,14
long,2021-11-09T01:00:00+00:00,2021-11-10T13:00:00+00:00,36.0,67616.82066,66186.17333164286,-2.115815731045553,-61.75872557997824,-0.031413025177228444,-1.0471008392409482,risk_stop,risk_stop,loss,2021,1
short,2021-11-12T11:00:00+00:00,2021-11-14T00:00:00+00:00,37.0,63638.939666,65054.09643192857,-2.223727757495368,-59.75526251352713,-0.03137971327276701,-1.045990442425567,risk_stop,risk_stop,loss,2021,11
long,2021-11-20T20:00:00+00:00,2021-11-22T01:00:00+00:00,29.0,59441.926008,57673.01380414285,-2.9758662322265295,-57.17359432539793,-0.030996649143922826,-1.0332216381307608,risk_stop,risk_stop,loss,2021,20
short,2021-11-22T20:00:00+00:00,2021-11-23T10:00:00+00:00,14.0,55981.841392,57657.608858785716,-2.993412551494218,-55.45605673455089,-0.03102722664857989,-1.0342408882859964,risk_stop,risk_stop,loss,2021,20
long,2021-11-29T01:00:00+00:00,2021-11-30T18:00:00+00:00,41.0,57777.283146,57359.475809999996,-0.7231342722436935,-12.360058770073767,-0.007136790271450537,-0.23789300904835126,correction_exit,correction depth 3.88 ATR >= 2.5,loss,2021,1
long,2021-12-01T16:00:00+00:00,2021-12-01T18:00:00+00:00,2.0,58626.212898,57485.93497739286,-1.9449967245727302,-54.233652012306436,-0.031540010270722785,-1.0513336756907596,risk_stop,risk_stop,loss,2021,16
long,2021-12-21T05:00:00+00:00,2021-12-24T21:00:00+00:00,88.0,48564.710999999996,51098.948166,5.218268808394652,70.02954482656037,0.042052575627656213,1.4017525209218737,correction_exit,two opposing-body correction bars with depth 2.00 ATR,win,2021,5
short,2022-01-05T21:00:00+00:00,2022-01-06T01:00:00+00:00,4.0,43958.216598000006,43689.676188000005,0.6108992374641045,5.254821462438425,0.003028165663391531,0.10093885544638438,correction_exit,two opposing-body correction bars with depth 2.09 ATR,win,2022,21
short,2022-01-08T19:00:00+00:00,2022-01-08T21:00:00+00:00,2.0,40671.684036,41496.186327749994,-2.0272145383018767,-54.850629768709986,-0.03151302945901005,-1.050434315300335,risk_stop,risk_stop,loss,2022,19
short,2022-01-10T14:00:00+00:00,2022-01-10T16:00:00+00:00,2.0,40765.855198000005,41703.85624628571,-2.3009477998924015,-52.81967517693477,-0.03133361341404478,-1.0444537804681595,risk_stop,risk_stop,loss,2022,14
long,2022-01-20T15:00:00+00:00,2022-01-20T19:00:00+00:00,4.0,42978.263933999995,42825.623162,-0.3551580683537983,-8.530372303816996,-0.00522406426980977,-0.17413547566032567,correction_exit,correction depth 2.67 ATR >= 2.5,loss,2022,15
short,2022-01-21T23:00:00+00:00,2022-01-24T16:00:00+00:00,65.0,36116.62523,34244.157461999996,5.184503690684398,35.12639249793554,0.021624635908652465,0.7208211969550822,correction_exit,two opposing-body correction bars with depth 1.74 ATR,win,2022,23
short,2022-01-31T02:00:00+00:00,2022-01-31T16:00:00+00:00,14.0,36815.825362,38044.44951128572,-3.337217452562826,-51.31596493672565,-0.030922628066213632,-1.0307542688737878,risk_stop,risk_stop,loss,2022,2
short,2022-02-02T16:00:00+00:00,2022-02-04T15:00:00+00:00,47.0,37422.294044,38520.637765607134,-2.934998373738748,-49.92987761573599,-0.031047450675180617,-1.0349150225060206,risk_stop,risk_stop,loss,2022,16
long,2022-02-04T17:00:00+00:00,2022-02-10T20:00:00+00:00,147.0,40276.563702,44365.075209999995,10.151093172322877,75.0505721031083,0.048163378290217815,1.6054459430072605,correction_exit,correction depth 2.72 ATR >= 2.5,win,2022,17
long,2022-02-15T03:00:00+00:00,2022-02-15T18:00:00+00:00,15.0,43578.493956,43916.205002,0.7749488689099295,12.79035628177321,0.007830988656016098,0.2610329552005366,correction_exit,two opposing-body correction bars with depth 1.65 ATR,win,2022,3
short,2022-02-17T15:00:00+00:00,2022-02-17T20:00:00+00:00,5.0,41917.924738,41212.460844,1.6829647421941045,22.48255326375358,0.013658149931075532,0.4552716643691844,correction_exit,correction depth 2.68 ATR >= 2.5,win,2022,15
short,2022-02-20T06:00:00+00:00,2022-02-21T16:00:00+00:00,34.0,39342.04001800001,38835.695586,1.2870314599048234,42.03163814886922,0.025190166899355333,0.8396722299785111,correction_exit,correction depth 8.05 ATR >= 2.5,win,2022,6
long,2022-02-23T10:00:00+00:00,2022-02-23T16:00:00+00:00,6.0,38884.665378,38504.807498,-0.9768834997225161,-23.528668519142883,-0.013754589944464985,-0.45848633148216617,correction_exit,two opposing-body correction bars with depth 2.16 ATR,loss,2022,10
short,2022-02-24T04:00:00+00:00,2022-02-24T08:00:00+00:00,4.0,34929.91262,35319.102408,-1.11420200855915,-9.45592379966538,-0.005604918024114902,-0.18683060080383007,correction_exit,two opposing-body correction bars with depth 2.08 ATR,loss,2022,4
short,2022-03-03T17:00:00+00:00,2022-03-06T14:00:00+00:00,69.0,42408.346634,38885.82561,8.306197490792753,145.05208576380844,0.08646300229491852,2.882100076497284,correction_exit,two opposing-body correction bars with depth 1.97 ATR,win,2022,17
long,2022-03-09T05:00:00+00:00,2022-03-10T05:00:00+00:00,24.0,41647.87791,39217.75577267857,-5.834924272907415,-55.58744576573543,-0.03049777180769006,-1.0165923935896688,risk_stop,risk_stop,loss,2022,5
long,2022-03-22T04:00:00+00:00,2022-03-22T06:00:00+00:00,2.0,42244.907291999996,42841.43,1.4120582722002297,25.281843127626377,0.014307090112304246,0.4769030037434749,correction_exit,correction depth 3.16 ATR >= 2.5,win,2022,4
long,2022-03-24T16:00:00+00:00,2022-03-25T16:00:00+00:00,24.0,44008.799999999996,44309.346358,0.6829233198814939,11.79494984358468,0.006580656433339476,0.2193552144446492,correction_exit,correction depth 2.54 ATR >= 2.5,win,2022,16
long,2022-03-27T22:00:00+00:00,2022-03-28T03:00:00+00:00,5.0,46561.380414,46915.435036,0.7604040491324152,8.677143815804248,0.004809515562391971,0.1603171854130657,correction_exit,correction depth 2.58 ATR >= 2.5,win,2022,22
short,2022-04-01T03:00:00+00:00,2022-04-01T14:00:00+00:00,11.0,44383.831458,45672.19439807143,-2.9027753975917845,-56.30488506538081,-0.031058957602582468,-1.0352985867527489,risk_stop,risk_stop,loss,2022,3
short,2022-04-14T15:00:00+00:00,2022-04-18T07:00:00+00:00,88.0,40426.942994,38988.19608,3.5588812990720786,79.04058723715974,0.04499804085483361,1.4999346951611203,correction_exit,two opposing-body correction bars with depth 2.05 ATR,win,2022,15
long,2022-04-19T15:00:00+00:00,2022-04-19T17:00:00+00:00,2.0,41574.233184,41333.981550000004,-0.5778859057644741,-18.870253582297522,-0.010280298085700862,-0.3426766028566954,correction_exit,two opposing-body correction bars with depth 2.00 ATR,loss,2022,15
long,2022-04-20T12:00:00+00:00,2022-04-20T13:00:00+00:00,1.0,42098.428002,41384.56321735714,-1.6957041355770899,-57.71995358482703,-0.03177179332091759,-1.0590597773639197,risk_stop,risk_stop,loss,2022,12
short,2022-05-05T16:00:00+00:00,2022-05-05T22:00:00+00:00,6.0,36902.288066,36465.871716,1.1826268041143297,9.594669776652115,0.005454664670176298,0.18182215567254326,correction_exit,correction depth 2.94 ATR >= 2.5,win,2022,16
short,2022-05-09T18:00:00+00:00,2022-05-10T02:00:00+00:00,8.0,31261.84638,30894.977759999998,1.1735347155781177,12.391980040899124,0.007006743786183577,0.23355812620611924,correction_exit,correction depth 3.14 ATR >= 2.5,win,2022,18
long,2022-05-15T22:00:00+00:00,2022-05-16T03:00:00+00:00,5.0,31082.085174,30249.155387285715,-2.679774481189011,-55.405298508392036,-0.031109601777019106,-1.036986725900637,risk_stop,risk_stop,loss,2022,22
short,2022-05-20T16:00:00+00:00,2022-05-22T22:00:00+00:00,54.0,29147.069420000003,30457.569224357143,-4.4961631835889015,-52.954862344331225,-0.030688406923901648,-1.0229468974633882,risk_stop,risk_stop,loss,2022,16
long,2022-05-25T04:00:00+00:00,2022-05-25T07:00:00+00:00,3.0,30204.129618,29802.008406,-1.3313451408325174,-39.193175581378036,-0.023432333883553615,-0.7810777961184538,correction_exit,two opposing-body correction bars with depth 1.84 ATR,loss,2022,4
long,2022-05-30T03:00:00+00:00,2022-05-30T08:00:00+00:00,5.0,30222.74334,30629.992776,1.347493281528156,19.724487188260188,0.012075593192427717,0.4025197730809239,correction_exit,correction depth 2.60 ATR >= 2.5,win,2022,3
long,2022-05-30T22:00:00+00:00,2022-06-01T16:00:00+00:00,42.0,31814.351598,30405.19649425,-4.4293063758011195,-50.68896034363755,-0.030662191026596636,-1.0220730342198878,risk_stop,risk_stop,loss,2022,22
short,2022-06-01T16:00:00+00:00,2022-06-11T18:00:00+00:00,242.0,30736.441482000002,28504.939848,7.260117067575377,92.12700207055079,0.05749122830299079,1.9163742767663599,correction_exit,two opposing-body correction bars with depth 1.73 ATR,win,2022,16
short,2022-06-13T01:00:00+00:00,2022-06-13T05:00:00+00:00,4.0,26301.898568,25393.787741999997,3.452643631988033,45.446487274114645,0.02681872923041828,0.8939576410139427,correction_exit,correction depth 3.24 ATR >= 2.5,win,2022,1
short,2022-06-13T10:00:00+00:00,2022-06-14T05:00:00+00:00,19.0,24048.009436,21982.225566,8.590248916434263,101.41235484463576,0.05828206898820884,1.9427356329402947,correction_exit,correction depth 2.52 ATR >= 2.5,win,2022,10
short,2022-06-15T09:00:00+00:00,2022-06-15T12:00:00+00:00,3.0,20261.016986,21578.209779,-6.5011188427025095,-56.12893086154826,-0.030481015055813104,-1.01603383519377,risk_stop,risk_stop,loss,2022,9
short,2022-06-18T08:00:00+00:00,2022-06-18T22:00:00+00:00,14.0,19254.728284,18521.413542,3.808491769833807,30.443145185441654,0.017052020914722604,0.5684006971574201,correction_exit,correction depth 4.52 ATR >= 2.5,win,2022,8
short,2022-06-28T20:00:00+00:00,2022-06-30T16:00:00+00:00,44.0,20250.958998,19147.798794000002,5.447446731332304,134.59586678306206,0.074126738888538,2.4708912962846004,correction_exit,two opposing-body correction bars with depth 2.40 ATR,win,2022,20
long,2022-07-07T20:00:00+00:00,2022-07-08T04:00:00+00:00,8.0,21816.822492,22126.143886,1.417811388956514,17.133408950108194,0.008784790801893356,0.29282636006311186,correction_exit,correction depth 2.70 ATR >= 2.5,win,2022,20
short,2022-07-26T01:00:00+00:00,2022-07-27T18:00:00+00:00,41.0,20990.741012,21833.806959642854,-4.016370585301829,-60.537260651457125,-0.030768893736012867,-1.0256297912004289,risk_stop,risk_stop,loss,2022,1
short,2022-08-07T01:00:00+00:00,2022-08-07T17:00:00+00:00,16.0,22884.672150000002,23206.78221407143,-1.407536284374642,-61.36685901615578,-0.032180713445320495,-1.0726904481773498,risk_stop,risk_stop,loss,2022,1
long,2022-08-08T08:00:00+00:00,2022-08-09T10:00:00+00:00,26.0,23812.291505999998,23389.289599178574,-1.7764015139611413,-58.48557098156762,-0.03168956187553009,-1.0563187291843363,risk_stop,risk_stop,loss,2022,8
short,2022-08-09T11:00:00+00:00,2022-08-10T03:00:00+00:00,16.0,23345.719922,22918.112706,1.8316300265259402,41.85552002449457,0.023421010529919364,0.7807003509973122,correction_exit,two opposing-body correction bars with depth 1.75 ATR,win,2022,11
short,2022-08-12T12:00:00+00:00,2022-08-12T16:00:00+00:00,4.0,23668.245404,24051.929423999998,-1.6210919459841044,-58.32927499205287,-0.03189224832043365,-1.0630749440144551,risk_stop,risk_stop,loss,2022,12
long,2022-08-13T01:00:00+00:00,2022-08-13T09:00:00+00:00,8.0,24488.366694,24399.799064000003,-0.36167226302478583,-17.318625204133227,-0.00978111296420353,-0.32603709880678433,correction_exit,correction depth 2.86 ATR >= 2.5,loss,2022,1
short,2022-08-15T08:00:00+00:00,2022-08-15T11:00:00+00:00,3.0,24022.24459,24272.473523999997,-1.0416550920648122,-16.345222984699404,-0.009322545358566643,-0.31075151195222145,correction_exit,two opposing-body correction bars with depth 1.69 ATR,loss,2022,8
short,2022-08-17T15:00:00+00:00,2022-08-19T08:00:00+00:00,41.0,23345.62994,21911.751473999997,6.141956630363695,189.8960714363376,0.10932698110904913,3.6442327036349713,correction_exit,correction depth 6.74 ATR >= 2.5,win,2022,15
short,2022-09-06T19:00:00+00:00,2022-09-09T03:00:00+00:00,56.0,18954.868268000002,19809.498786107142,-4.508765273509946,-59.12837015981536,-0.030686524780911523,-1.0228841593637175,risk_stop,risk_stop,loss,2022,19
long,2022-09-09T05:00:00+00:00,2022-09-10T08:00:00+00:00,27.0,20365.232232,21279.633222,4.490010128945148,49.383935719653216,0.026440718233142264,0.8813572744380755,correction_exit,two opposing-body correction bars with depth 2.42 ATR,win,2022,5
short,2022-09-13T14:00:00+00:00,2022-11-08T22:00:00+00:00,1352.0,21192.01075,18704.530158,11.73782243386225,84.35441362204091,0.044000892776057905,1.4666964258685968,correction_exit,correction depth 4.97 ATR >= 2.5,win,2022,14
short,2022-11-09T22:00:00+00:00,2022-11-10T13:00:00+00:00,15.0,15744.540462,17035.21332567857,-8.197589931529944,-60.814323661837555,-0.030384961378516335,-1.0128320459505444,risk_stop,risk_stop,loss,2022,22
long,2022-11-23T04:00:00+00:00,2022-11-23T14:00:00+00:00,10.0,16587.976931999998,16392.200904,-1.1802284799560065,-29.645707420454816,-0.015276198145931641,-0.5092066048643881,correction_exit,two opposing-body correction bars with depth 2.08 ATR,loss,2022,4
short,2022-12-15T15:00:00+00:00,2022-12-16T01:00:00+00:00,10.0,17451.35903,17430.145332,0.12155900273171773,1.5625641154961314,0.0008176677630275385,0.02725559210091795,correction_exit,two opposing-body correction bars with depth 1.53 ATR,win,2022,15
short,2022-12-16T10:00:00+00:00,2022-12-20T01:00:00+00:00,87.0,17035.562206000002,16465.102362,3.3486411372973786,62.75677886463948,0.03281290719350757,1.093763573116919,correction_exit,two opposing-body correction bars with depth 2.22 ATR,win,2022,10
short,2022-12-22T16:00:00+00:00,2022-12-22T20:00:00+00:00,4.0,16633.212692,16808.710891392857,-1.055107047824047,-65.02175612992224,-0.03291706492141562,-1.0972354973805207,risk_stop,risk_stop,loss,2022,16
long,2023-01-09T01:00:00+00:00,2023-01-09T07:00:00+00:00,6.0,17188.717055999998,17185.81215,-0.01690007456945202,-3.986613258047761,-0.002086905559261714,-0.06956351864205715,correction_exit,two opposing-body correction bars with depth 1.51 ATR,loss,2023,1
long,2023-01-12T01:00:00+00:00,2023-01-13T00:00:00+00:00,23.0,18267.752819999998,18842.850676,3.148158734501644,42.86543609338275,0.022486052185250106,0.7495350728416702,correction_exit,correction depth 2.78 ATR >= 2.5,win,2023,1
long,2023-01-19T20:00:00+00:00,2023-01-21T03:00:00+00:00,31.0,21096.31842,22546.53979,6.874286504061969,284.38778645491664,0.1459014191709129,4.86338063903043,correction_exit,two opposing-body correction bars with depth 2.42 ATR,win,2023,20
long,2023-01-25T22:00:00+00:00,2023-01-26T00:00:00+00:00,2.0,23597.278512,23055.807915999998,-2.294631542890198,-41.72907044231351,-0.01868271670930639,-0.6227572236435464,correction_exit,correction depth 4.80 ATR >= 2.5,loss,2023,22
short,2023-02-05T19:00:00+00:00,2023-02-06T08:00:00+00:00,13.0,22839.351216,22885.486182,-0.20199770809462314,-14.149214642963528,-0.0064554155654744155,-0.21518051884914718,correction_exit,two opposing-body correction bars with depth 2.13 ATR,loss,2023,19
long,2023-02-15T13:00:00+00:00,2023-02-16T03:00:00+00:00,14.0,22776.764442,24682.942424,8.368958579933498,211.0306943434597,0.09690588176436432,3.2301960588121443,correction_exit,correction depth 2.84 ATR >= 2.5,win,2023,13
long,2023-02-26T20:00:00+00:00,2023-02-27T16:00:00+00:00,20.0,23504.029866,23187.66136146429,-1.3460181353554124,-77.02129642397328,-0.03224378145718909,-1.0747927152396364,risk_stop,risk_stop,loss,2023,20
short,2023-03-09T20:00:00+00:00,2023-03-09T22:00:00+00:00,2.0,20852.12874,20217.652722,3.042739788877791,62.96151910710929,0.02723606561615523,0.9078688538718411,correction_exit,correction depth 5.02 ATR >= 2.5,win,2023,20
long,2023-03-12T19:00:00+00:00,2023-03-13T03:00:00+00:00,8.0,21079.26501,22178.213470000002,5.213409763000096,103.39778038028822,0.04354217620928421,1.451405873642807,correction_exit,correction depth 3.41 ATR >= 2.5,win,2023,19
long,2023-03-17T12:00:00+00:00,2023-03-17T14:00:00+00:00,2.0,26925.494022,26142.856097142856,-2.9066799079625927,-76.87169049930031,-0.03102096762774386,-1.0340322542581286,risk_stop,risk_stop,loss,2023,12
long,2023-03-29T08:00:00+00:00,2023-03-29T10:00:00+00:00,2.0,28092.437363999998,28314.226022,0.789495959806677,22.256560283169414,0.009268993440728521,0.308966448024284,correction_exit,correction depth 2.54 ATR >= 2.5,win,2023,8
long,2023-04-11T02:00:00+00:00,2023-04-17T11:00:00+00:00,153.0,30195.937980000002,29509.416043321427,-2.2735572484394635,-75.88485615015708,-0.031312858339016765,-1.0437619446338922,risk_stop,risk_stop,loss,2023,2
long,2023-04-25T22:00:00+00:00,2023-04-26T15:00:00+00:00,17.0,28268.542578,29694.279956000002,5.043547519530002,139.40570470090339,0.059383338426103306,1.9794446142034436,correction_exit,correction depth 2.51 ATR >= 2.5,win,2023,22
short,2023-05-01T21:00:00+00:00,2023-05-01T23:00:00+00:00,2.0,27672.554382000002,28025.604,-1.275811452482476,-48.90266069451253,-0.019663617320218506,-0.6554539106739502,correction_exit,two opposing-body correction bars with depth 2.22 ATR,loss,2023,21
long,2023-05-28T23:00:00+00:00,2023-05-29T03:00:00+00:00,4.0,28096.008078,28090.390798,-0.019993160538692573,-3.479823510458781,-0.001427292626319825,-0.0475764208773275,correction_exit,two opposing-body correction bars with depth 2.04 ATR,loss,2023,23
short,2023-05-31T06:00:00+00:00,2023-05-31T08:00:00+00:00,2.0,27082.742368,27173.343581999998,-0.3345348590216979,-12.932736365236261,-0.005312103605857916,-0.17707012019526389,correction_exit,two opposing-body correction bars with depth 1.51 ATR,loss,2023,6
long,2023-06-06T16:00:00+00:00,2023-06-07T02:00:00+00:00,10.0,26071.333223999998,27080.402836,3.870418145977678,190.51331999392613,0.07867099160492068,2.6223663868306892,correction_exit,two opposing-body correction bars with depth 2.01 ATR,win,2023,16
long,2023-06-08T16:00:00+00:00,2023-06-08T18:00:00+00:00,2.0,26727.034337999998,26479.703,-0.9253976137874199,-51.014861464336555,-0.019529763808149733,-0.6509921269383244,correction_exit,two opposing-body correction bars with depth 2.16 ATR,loss,2023,16
short,2023-06-10T06:00:00+00:00,2023-06-10T08:00:00+00:00,2.0,25512.956388000002,25656.210216,-0.5614944258963906,-14.393579288894106,-0.005619978697762334,-0.18733262325874447,correction_exit,two opposing-body correction bars with depth 1.90 ATR,loss,2023,6
long,2023-06-16T17:00:00+00:00,2023-06-17T08:00:00+00:00,15.0,25964.961954,26588.261284000004,2.40054012443482,103.44949112916684,0.0406201790636775,1.35400596878925,correction_exit,two opposing-body correction bars with depth 1.81 ATR,win,2023,17
long,2023-06-20T18:00:00+00:00,2023-06-21T18:00:00+00:00,24.0,27801.5592,30074.213954,8.174558619719427,210.22493913914897,0.07932415729784385,2.6441385765947953,correction_exit,correction depth 5.09 ATR >= 2.5,win,2023,18
short,2023-07-05T12:00:00+00:00,2023-07-06T07:00:00+00:00,19.0,30398.229138000002,30746.415374892855,-1.1454161862922276,-93.49138051055178,-0.03268442934902606,-1.0894809783008688,risk_stop,risk_stop,loss,2023,12
long,2023-07-10T20:00:00+00:00,2023-07-10T21:00:00+00:00,1.0,30843.56748,30222.25987460714,-2.0143830826175875,-87.11915548177417,-0.031485805793710894,-1.049526859790363,risk_stop,risk_stop,loss,2023,20
short,2023-07-14T19:00:00+00:00,2023-07-14T21:00:00+00:00,2.0,30085.801636,30195.227838,-0.3637137654629145,-9.072967846022816,-0.003385669314462402,-0.1128556438154134,correction_exit,two opposing-body correction bars with depth 1.59 ATR,loss,2023,19
long,2023-07-23T19:00:00+00:00,2023-07-23T21:00:00+00:00,2.0,30254.059601999998,30137.461302000003,-0.38539720465245025,-33.5969714931726,-0.012579638723338053,-0.4193212907779351,correction_exit,correction depth 4.61 ATR >= 2.5,loss,2023,19
long,2023-08-02T01:00:00+00:00,2023-08-02T15:00:00+00:00,14.0,29828.004408,29204.859109750003,-2.0891283564476995,-82.88938241613981,-0.03143148234098775,-1.047716078032925,risk_stop,risk_stop,loss,2023,1
long,2023-08-08T13:00:00+00:00,2023-08-08T15:00:00+00:00,2.0,29584.475712,29433.232176,-0.5112260141850377,-41.831238735539266,-0.016377074934881726,-0.5459024978293909,correction_exit,correction depth 3.85 ATR >= 2.5,loss,2023,13
long,2023-08-08T18:00:00+00:00,2023-08-08T23:00:00+00:00,5.0,29814.521712,29762.056398,-0.1759723483301235,-18.287169481257205,-0.0072786939438890304,-0.24262313146296768,correction_exit,correction depth 3.95 ATR >= 2.5,loss,2023,18
long,2023-08-14T16:00:00+00:00,2023-08-14T18:00:00+00:00,2.0,29605.92,29355.54325260714,-0.8456982501906932,-83.83861710395527,-0.0336142736895508,-1.1204757896516933,risk_stop,risk_stop,loss,2023,16
long,2023-08-23T18:00:00+00:00,2023-08-23T21:00:00+00:00,3.0,26544.65787,26588.28128,0.1643396958199339,3.5731053734249394,0.0014824325524552936,0.04941441841517646,correction_exit,correction depth 2.65 ATR >= 2.5,win,2023,18
short,2023-08-24T16:00:00+00:00,2023-08-25T17:00:00+00:00,25.0,25991.150729999998,25940.527068,0.19477268446435636,5.2620152246424805,0.0021799065871459253,0.07266355290486418,correction_exit,two opposing-body correction bars with depth 2.50 ATR,win,2023,16
short,2023-09-15T13:00:00+00:00,2023-09-15T17:00:00+00:00,4.0,26359.397065999998,26385.245994,-0.0980634266227001,-11.204320864666087,-0.004631542247151556,-0.15438474157171853,correction_exit,two opposing-body correction bars with depth 1.72 ATR,loss,2023,13
long,2023-09-18T12:00:00+00:00,2023-09-18T17:00:00+00:00,5.0,27202.419395999998,26832.60704792857,-1.3594832970107318,-77.58600715449928,-0.03222104491340284,-1.0740348304467613,risk_stop,risk_stop,loss,2023,12
short,2023-09-21T11:00:00+00:00,2023-09-21T17:00:00+00:00,6.0,26644.570020000003,26589.126762,0.208084641479994,7.323973218392727,0.003142872708924644,0.10476242363082147,correction_exit,correction depth 2.51 ATR >= 2.5,win,2023,11
long,2023-09-27T11:00:00+00:00,2023-09-27T14:00:00+00:00,3.0,26447.878518,26236.287764214285,-0.8000292108182183,-79.07612905993763,-0.0338269353927709,-1.1275645130923635,risk_stop,risk_stop,loss,2023,11
short,2023-10-11T04:00:00+00:00,2023-10-11T20:00:00+00:00,16.0,27010.636792,26768.542638,0.8962919159007222,32.31844172735475,0.014309113848588463,0.4769704616196155,correction_exit,two opposing-body correction bars with depth 1.89 ATR,win,2023,4
long,2023-10-13T22:00:00+00:00,2023-10-14T00:00:00+00:00,2.0,27024.60384,26856.6276,-0.6215678164775642,-42.07059831686544,-0.018364143901772618,-0.6121381300590872,correction_exit,correction depth 2.51 ATR >= 2.5,loss,2023,22
long,2023-10-20T04:00:00+00:00,2023-10-20T10:00:00+00:00,6.0,29241.217074,29792.14038,1.8840642118479305,54.3079226133409,0.02414931274215699,0.8049770914052331,correction_exit,correction depth 2.80 ATR >= 2.5,win,2023,4
long,2023-10-20T10:00:00+00:00,2023-10-21T21:00:00+00:00,35.0,29804.059619999996,30009.686862,0.6899303135939785,19.818302631941638,0.008604878913332076,0.28682929711106925,correction_exit,two opposing-body correction bars with depth 1.96 ATR,win,2023,10
long,2023-11-09T04:00:00+00:00,2023-11-09T16:00:00+00:00,12.0,36445.667676,35751.4557785,-1.9047857859856034,-73.34356903005046,-0.031573249569996846,-1.0524416523332283,risk_stop,risk_stop,loss,2023,4
long,2023-11-19T20:00:00+00:00,2023-11-20T02:00:00+00:00,6.0,36956.359794,37284.001708,0.8865643581411221,51.40017967453294,0.022848363668661074,0.7616121222887026,correction_exit,correction depth 2.80 ATR >= 2.5,win,2023,20
long,2023-11-28T18:00:00+00:00,2023-11-29T12:00:00+00:00,18.0,38218.39215,38097.029070000004,-0.3175515064152052,-13.804239986102353,-0.005999177498815356,-0.1999725832938452,correction_exit,correction depth 2.63 ATR >= 2.5,loss,2023,18
long,2023-12-08T22:00:00+00:00,2023-12-09T00:00:00+00:00,2.0,44536.245467999994,44162.1658,-0.8399443286452457,-42.40699489189181,-0.018540863857618616,-0.6180287952539539,correction_exit,two opposing-body correction bars with depth 1.58 ATR,loss,2023,22
long,2023-12-13T21:00:00+00:00,2023-12-14T01:00:00+00:00,4.0,42883.45497599999,42780.282232,-0.24058869337309033,-11.029524908313835,-0.00491334263231991,-0.16377808774399702,correction_exit,two opposing-body correction bars with depth 2.48 ATR,loss,2023,21
short,2023-12-18T03:00:00+00:00,2023-12-18T14:00:00+00:00,11.0,40892.389886,41510.57616942857,-1.511739189497004,-71.54721416025785,-0.03202964094186302,-1.067654698062101,risk_stop,risk_stop,loss,2023,3
long,2024-01-01T20:00:00+00:00,2024-01-02T06:00:00+00:00,10.0,43526.683596,45170.444104,3.7764432577883262,136.81374837261086,0.06327425274638764,2.109141758212921,correction_exit,two opposing-body correction bars with depth 1.95 ATR,win,2024,20
long,2024-01-04T16:00:00+00:00,2024-01-05T01:00:00+00:00,9.0,44059.91022,43151.837013321434,-2.0609964980508853,-72.30841466776324,-0.03145146109376259,-1.048382036458753,risk_stop,risk_stop,loss,2024,16
long,2024-01-08T19:00:00+00:00,2024-01-09T21:00:00+00:00,26.0,46979.414004,44758.51061432143,-4.727396960484594,-68.18080006540934,-0.030619118851655937,-1.0206372950551978,risk_stop,risk_stop,loss,2024,19
short,2024-01-12T17:00:00+00:00,2024-01-13T00:00:00+00:00,7.0,43615.265202,42791.296548,1.8891749257602137,25.94236862066661,0.01201837556984214,0.40061251899473804,correction_exit,correction depth 3.87 ATR >= 2.5,win,2024,17
short,2024-01-18T21:00:00+00:00,2024-01-18T23:00:00+00:00,2.0,40827.43288,41362.940934,-1.3116378283541938,-42.65686294213168,-0.01952705100888507,-0.650901700296169,correction_exit,two opposing-body correction bars with depth 1.54 ATR,loss,2024,21
short,2024-01-22T03:00:00+00:00,2024-01-22T07:00:00+00:00,4.0,41309.706406000005,41214.231197999994,0.2311205193802673,9.480128596015131,0.004426152361785822,0.1475384120595274,correction_exit,correction depth 3.67 ATR >= 2.5,win,2024,3
short,2024-01-23T11:00:00+00:00,2024-01-23T17:00:00+00:00,6.0,38909.486546,39582.632622107136,-1.7300307350787618,-68.35369985434555,-0.03177284807992953,-1.059094935997651,risk_stop,risk_stop,loss,2024,11
long,2024-01-26T12:00:00+00:00,2024-01-26T14:00:00+00:00,2.0,41297.777903999995,41013.44567,-0.6884928159111786,-15.377752600571515,-0.007382606681655975,-0.2460868893885325,correction_exit,two opposing-body correction bars with depth 2.46 ATR,loss,2024,12
long,2024-01-29T17:00:00+00:00,2024-01-30T15:00:00+00:00,22.0,43208.650002,43465.3052,0.5939903190405638,9.813869550936747,0.004746519416256424,0.15821731387521412,correction_exit,correction depth 2.50 ATR >= 2.5,win,2024,17
short,2024-01-31T11:00:00+00:00,2024-01-31T15:00:00+00:00,4.0,42376.243056,43049.77180414286,-1.5894017486467487,-66.33179164650197,-0.03193009409391306,-1.0643364697971018,risk_stop,risk_stop,loss,2024,11
long,2024-02-14T10:00:00+00:00,2024-02-15T17:00:00+00:00,31.0,51561.41022,52254.866936,1.344914177174731,20.484990036439147,0.010186089972807257,0.33953633242690856,correction_exit,correction depth 2.74 ATR >= 2.5,win,2024,10
short,2024-02-17T15:00:00+00:00,2024-02-17T21:00:00+00:00,6.0,50830.921782,51778.63847839285,-1.8644491643440053,-64.28863137185479,-0.03164495970845314,-1.0548319902817713,risk_stop,risk_stop,loss,2024,15
long,2024-02-26T18:00:00+00:00,2024-02-27T04:00:00+00:00,10.0,53513.310522,55656.46648,4.004902587962531,145.72636789602393,0.07407538033656112,2.4691793445520376,correction_exit,correction depth 4.31 ATR >= 2.5,win,2024,18
long,2024-02-28T09:00:00+00:00,2024-02-28T20:00:00+00:00,11.0,59460.309684,60938.90978,2.486700967179581,37.252867368794426,0.017630340241949972,0.587678008064999,correction_exit,correction depth 10.11 ATR >= 2.5,win,2024,9
long,2024-03-04T10:00:00+00:00,2024-03-05T04:00:00+00:00,18.0,65303.348057999996,68100.32721,4.283056282988484,119.83691883923618,0.05573160814789459,1.8577202715964862,correction_exit,two opposing-body correction bars with depth 1.66 ATR,win,2024,10
short,2024-03-22T15:00:00+00:00,2024-03-23T00:00:00+00:00,9.0,62727.442001999996,63809.399328,-1.7248548505540944,-40.914727720770486,-0.01802341495849383,-0.6007804986164611,correction_exit,two opposing-body correction bars with depth 2.16 ATR,loss,2024,15
long,2024-03-25T15:00:00+00:00,2024-03-25T23:00:00+00:00,8.0,69391.07544,70295.928002,1.3039898232769054,21.004118818795025,0.009422382935568343,0.31407943118561144,correction_exit,correction depth 2.55 ATR >= 2.5,win,2024,15
short,2024-03-29T17:00:00+00:00,2024-03-30T05:00:00+00:00,12.0,69162.624708,70267.90523517856,-1.5980893319838319,-71.8246715297951,-0.03191956778491217,-1.0639855928304058,risk_stop,risk_stop,loss,2024,17
short,2024-04-02T04:00:00+00:00,2024-04-02T19:00:00+00:00,15.0,66690.629206,65824.17220199999,1.2992185173776374,18.140974635307977,0.008327842974861648,0.2775947658287216,correction_exit,two opposing-body correction bars with depth 1.84 ATR,win,2024,4
long,2024-04-08T09:00:00+00:00,2024-04-08T15:00:00+00:00,6.0,71982.3936,71711.64480200001,-0.37613197402758497,-9.320502096707102,-0.004243355920045877,-0.14144519733486258,correction_exit,correction depth 3.02 ATR >= 2.5,loss,2024,9
short,2024-04-13T21:00:00+00:00,2024-04-13T23:00:00+00:00,2.0,61803.646798,64306.328693999996,-4.049408126643074,-29.502647079515796,-0.013488943121323873,-0.4496314373774624,correction_exit,correction depth 3.04 ATR >= 2.5,loss,2024,21
long,2024-04-15T00:00:00+00:00,2024-04-15T17:00:00+00:00,17.0,65674.98237,63415.62165996429,-3.4402151755548482,-66.58331032709667,-0.030858894611178876,-1.0286298203726292,risk_stop,risk_stop,loss,2024,0
short,2024-04-17T16:00:00+00:00,2024-04-18T11:00:00+00:00,19.0,60292.88901,62854.853099785716,-4.249197760884865,-64.25398134205234,-0.0307275554210846,-1.0242518473694868,risk_stop,risk_stop,loss,2024,16
short,2024-04-24T20:00:00+00:00,2024-04-24T22:00:00+00:00,2.0,63963.254790000006,64412.249874,-0.7019578435683208,-27.95504407763816,-0.013792477457139832,-0.45974924857132776,correction_exit,two opposing-body correction bars with depth 1.60 ATR,loss,2024,20
short,2024-04-29T04:00:00+00:00,2024-04-29T16:00:00+00:00,12.0,62267.224064,63051.677813999995,-1.2598180853440804,-45.20615685697606,-0.022615769968330503,-0.7538589989443502,correction_exit,correction depth 3.77 ATR >= 2.5,loss,2024,4
long,2024-05-03T14:00:00+00:00,2024-05-04T03:00:00+00:00,13.0,61702.28799,62686.530186,1.5951470003179158,19.18843489864419,0.009821730563895898,0.32739101879652993,correction_exit,two opposing-body correction bars with depth 1.83 ATR,win,2024,14
short,2024-05-08T22:00:00+00:00,2024-05-09T13:00:00+00:00,15.0,61473.65281,61528.963332,-0.0899743540065059,-6.9158856102246,-0.003505512760341191,-0.11685042534470638,correction_exit,two opposing-body correction bars with depth 2.10 ATR,loss,2024,22
long,2024-05-15T20:00:00+00:00,2024-05-16T17:00:00+00:00,21.0,66019.431246,64771.952125321426,-1.889563568080798,-62.096712544125616,-0.031586205701350616,-1.052873523378354,risk_stop,risk_stop,loss,2024,20
long,2024-05-17T16:00:00+00:00,2024-05-20T23:00:00+00:00,79.0,67208.529018,69576.851846,3.52384267682114,93.41562358928697,0.049066762186844706,1.6355587395614903,correction_exit,correction depth 3.14 ATR >= 2.5,win,2024,16
short,2024-05-23T15:00:00+00:00,2024-05-23T23:00:00+00:00,8.0,67735.070276,67700.01729599999,0.05175011977868678,-0.5887184985791276,-0.00029476264058110184,-0.009825421352703395,correction_exit,correction depth 4.17 ATR >= 2.5,loss,2024,15
long,2024-05-30T19:00:00+00:00,2024-05-30T20:00:00+00:00,1.0,69374.002026,68532.77838103572,-1.2125920667644439,-64.88557710369068,-0.03249682715154859,-1.0832275717182864,risk_stop,risk_stop,loss,2024,19
short,2024-05-31T16:00:00+00:00,2024-06-02T11:00:00+00:00,43.0,67202.136884,68184.4050470357,-1.4616620967443705,-62.0094816030511,-0.032099516545912817,-1.0699838848637606,risk_stop,risk_stop,loss,2024,16
long,2024-06-04T17:00:00+00:00,2024-06-04T21:00:00+00:00,4.0,70814.16,70388.60946200001,-0.6009398939421097,-18.57279461442106,-0.009933148774370884,-0.33110495914569615,correction_exit,two opposing-body correction bars with depth 2.30 ATR,loss,2024,17
short,2024-06-11T03:00:00+00:00,2024-06-11T18:00:00+00:00,15.0,68254.96627599999,66784.3542,2.1545861879900907,57.24360255833365,0.030922323677722446,1.0307441225907483,correction_exit,two opposing-body correction bars with depth 1.79 ATR,win,2024,3
short,2024-06-21T09:00:00+00:00,2024-06-21T15:00:00+00:00,6.0,63626.912072,64235.674566,-0.9567688799845084,-31.622635094899817,-0.016569800390087163,-0.5523266796695722,correction_exit,correction depth 2.97 ATR >= 2.5,loss,2024,9
short,2024-06-23T17:00:00+00:00,2024-06-23T19:00:00+00:00,2.0,63914.69450400001,64124.812397999995,-0.3287473962452222,-47.28090216487785,-0.025191929608275196,-0.8397309869425066,correction_exit,correction depth 2.55 ATR >= 2.5,loss,2024,17
short,2024-06-24T04:00:00+00:00,2024-06-24T09:00:00+00:00,5.0,62849.4276,62743.466184,0.16859567389282884,5.096642163357774,0.0027857408075805373,0.09285802691935124,correction_exit,correction depth 2.56 ATR >= 2.5,win,2024,4
short,2024-07-02T16:00:00+00:00,2024-07-02T19:00:00+00:00,3.0,61935.690384,62342.476002,-0.6567870891208918,-28.673405615351328,-0.015628874069392246,-0.5209624689797415,correction_exit,two opposing-body correction bars with depth 1.72 ATR,loss,2024,16
short,2024-07-05T04:00:00+00:00,2024-07-06T15:00:00+00:00,35.0,55216.9544,57441.914835749994,-4.029487790347944,-55.563252419876044,-0.03076643716396752,-1.025547905465584,risk_stop,risk_stop,loss,2024,4
short,2024-07-08T01:00:00+00:00,2024-07-08T08:00:00+00:00,7.0,55082.991198,56660.70666107143,-2.864251611536872,-54.39047800514633,-0.031073056754483974,-1.0357685584827991,risk_stop,risk_stop,loss,2024,1
long,2024-07-14T06:00:00+00:00,2024-07-15T00:00:00+00:00,18.0,60277.443078,60785.750418,0.8432795321829571,24.245623467678943,0.014295634185813916,0.47652113952713054,correction_exit,two opposing-body correction bars with depth 1.70 ATR,win,2024,6
long,2024-07-15T04:00:00+00:00,2024-07-16T07:00:00+00:00,27.0,62660.399574,62887.060072,0.3617284593474678,6.067920957732871,0.0035273246130788373,0.11757748710262791,correction_exit,correction depth 3.90 ATR >= 2.5,win,2024,4
long,2024-07-19T16:00:00+00:00,2024-07-21T20:00:00+00:00,52.0,65849.927352,67408.545594,2.366924770726658,79.75583972566598,0.04619966257489088,1.5399887524963627,correction_exit,correction depth 3.78 ATR >= 2.5,win,2024,16
short,2024-08-04T16:00:00+00:00,2024-08-04T20:00:00+00:00,4.0,59074.192798000004,59269.521534,-0.3306498603678066,-6.882074282565847,-0.0038104923318068146,-0.12701641106022715,correction_exit,correction depth 5.46 ATR >= 2.5,loss,2024,16
short,2024-08-07T20:00:00+00:00,2024-08-08T01:00:00+00:00,5.0,54750.017806,55794.43844207143,-1.9076169797281166,-56.868771784552436,-0.03160775290565186,-1.0535917635217287,risk_stop,risk_stop,loss,2024,20
long,2024-08-08T16:00:00+00:00,2024-08-09T01:00:00+00:00,9.0,59439.915605999995,61201.767198,2.9640883134466653,36.44106938859867,0.02091508250762192,0.6971694169207308,correction_exit,two opposing-body correction bars with depth 2.22 ATR,win,2024,16
short,2024-08-11T21:00:00+00:00,2024-08-12T10:00:00+00:00,13.0,58493.209018,58308.339336,0.3160532395189919,3.857596300463034,0.0021686807554204056,0.07228935851401352,correction_exit,correction depth 2.67 ATR >= 2.5,win,2024,21
long,2024-08-16T19:00:00+00:00,2024-08-16T22:00:00+00:00,3.0,59478.903402,59012.165206000005,-0.7847121740719655,-22.209514234062496,-0.012458824911668543,-0.4152941637222848,correction_exit,two opposing-body correction bars with depth 1.50 ATR,loss,2024,19
short,2024-08-19T01:00:00+00:00,2024-08-19T12:00:00+00:00,11.0,58334.360794,58408.619388,-0.12729820467602843,-5.488370954200894,-0.003117642173503801,-0.10392140578346004,correction_exit,two opposing-body correction bars with depth 2.02 ATR,loss,2024,1
long,2024-08-21T20:00:00+00:00,2024-08-21T22:00:00+00:00,2.0,61582.314,61223.722806000005,-0.5822957448464722,-11.385943059601052,-0.006487956177632892,-0.2162652059210964,correction_exit,two opposing-body correction bars with depth 1.57 ATR,loss,2024,20
long,2024-08-23T19:00:00+00:00,2024-08-24T00:00:00+00:00,5.0,63165.220517999995,64024.432552,1.3602612750400465,24.93858498650016,0.014303343615405764,0.47677812051352547,correction_exit,two opposing-body correction bars with depth 1.91 ATR,win,2024,19
long,2024-08-29T15:00:00+00:00,2024-08-29T17:00:00+00:00,2.0,60827.163,60282.931002,-0.8947186933574445,-42.06627957149659,-0.023786580350641844,-0.7928860116880615,correction_exit,correction depth 2.62 ATR >= 2.5,loss,2024,15
short,2024-08-30T16:00:00+00:00,2024-08-30T18:00:00+00:00,2.0,58083.381,58642.636182,-0.962848877547264,-16.81605908165559,-0.009740412693341983,-0.32468042311139944,correction_exit,two opposing-body correction bars with depth 2.32 ATR,loss,2024,16
short,2024-09-06T16:00:00+00:00,2024-09-09T16:00:00+00:00,72.0,54034.191,56109.683978571426,-3.8410734761836753,-52.66156472216539,-0.030803341930030998,-1.0267780643343667,risk_stop,risk_stop,loss,2024,16
long,2024-09-17T16:00:00+00:00,2024-09-18T21:00:00+00:00,29.0,61147.717097999994,60217.96399800001,-1.5205033713848939,-20.907945694890433,-0.012618377999973441,-0.4206125999991147,correction_exit,correction depth 3.90 ATR >= 2.5,loss,2024,16
short,2024-09-30T03:00:00+00:00,2024-09-30T13:00:00+00:00,10.0,64363.13479800001,64060.819602,0.4697024110910726,9.814122704798546,0.005998720315107604,0.19995734383692015,correction_exit,correction depth 2.98 ATR >= 2.5,win,2024,3
long,2024-10-06T16:00:00+00:00,2024-10-06T18:00:00+00:00,2.0,62732.554002,62578.68176,-0.24528292279490482,-17.292538797111916,-0.01050675149955701,-0.3502250499852337,correction_exit,two opposing-body correction bars with depth 2.06 ATR,loss,2024,16
short,2024-10-08T00:00:00+00:00,2024-10-10T21:00:00+00:00,69.0,62211.565198000004,59811.789966000004,3.857442300900587,87.69557841129298,0.0538486182171475,1.7949539405715835,correction_exit,two opposing-body correction bars with depth 1.83 ATR,win,2024,0
long,2024-10-11T19:00:00+00:00,2024-10-13T15:00:00+00:00,44.0,62934.654414,62061.07155274999,-1.3880792218280196,-55.2191495332768,-0.03217424390191583,-1.0724747967305277,risk_stop,risk_stop,loss,2024,19
long,2024-10-18T03:00:00+00:00,2024-10-18T22:00:00+00:00,19.0,68117.6208,68398.3176,0.41207663553626434,10.835137494547348,0.006523127803660521,0.21743759345535071,correction_exit,two opposing-body correction bars with depth 1.66 ATR,win,2024,3
short,2024-10-23T18:00:00+00:00,2024-10-23T19:00:00+00:00,1.0,65710.165338,66398.97088875,-1.048248086436729,-55.0653581788988,-0.03293640320967119,-1.0978801069890398,risk_stop,risk_stop,loss,2024,18
long,2024-10-29T15:00:00+00:00,2024-10-29T22:00:00+00:00,7.0,71881.47342000001,72275.512006,0.5481782262553891,15.190465570339137,0.009395367051115199,0.31317890170384,correction_exit,correction depth 3.61 ATR >= 2.5,win,2024,15
short,2024-10-31T15:00:00+00:00,2024-10-31T23:00:00+00:00,8.0,70737.859598,70494.08599800001,0.34461545964967,5.960643623872381,0.003652367895198478,0.12174559650661594,correction_exit,two opposing-body correction bars with depth 2.20 ATR,win,2024,15
long,2024-11-06T02:00:00+00:00,2024-11-06T09:00:00+00:00,7.0,71143.035762,73441.35879,3.2305664263312392,53.31939597573216,0.03255241900878119,1.0850806336260397,correction_exit,correction depth 3.13 ATR >= 2.5,win,2024,2
long,2024-11-11T16:00:00+00:00,2024-11-11T23:00:00+00:00,7.0,84076.341906,87961.674146,4.621195632350331,69.91270088901348,0.041337291549171026,1.377909718305701,correction_exit,correction depth 2.59 ATR >= 2.5,win,2024,16
long,2024-11-13T16:00:00+00:00,2024-11-13T21:00:00+00:00,5.0,92558.508,88303.91586253572,-4.596651598429264,-53.95805114012066,-0.030637319935865968,-1.021243997862199,risk_stop,risk_stop,loss,2024,16
long,2024-11-20T15:00:00+00:00,2024-11-20T16:00:00+00:00,1.0,94646.335482,93362.3063035,-1.356660215063688,-55.016775675328326,-0.032225773864281396,-1.0741924621427132,risk_stop,risk_stop,loss,2024,15
long,2024-11-21T05:00:00+00:00,2024-11-25T21:00:00+00:00,112.0,97573.730844,94156.49082767857,-3.5022131333533673,-50.95964797942331,-0.030843282262301784,-1.0281094087433928,risk_stop,risk_stop,loss,2024,5
long,2024-11-27T16:00:00+00:00,2024-11-27T23:00:00+00:00,7.0,95575.1112,96028.260506,0.4741289864175503,11.080476162958593,0.0069198803046342,0.23066267682114,correction_exit,two opposing-body correction bars with depth 1.79 ATR,win,2024,16
long,2024-12-04T21:00:00+00:00,2024-12-05T05:00:00+00:00,8.0,98767.709592,103319.292008,4.608370928922173,74.09035791738081,0.045952266388738255,1.5317422129579419,correction_exit,correction depth 3.65 ATR >= 2.5,win,2024,21
long,2024-12-06T19:00:00+00:00,2024-12-09T03:00:00+00:00,56.0,101384.22279,98636.65979321429,-2.7100498688803034,-52.44255888689338,-0.031096911117007645,-1.0365637039002549,risk_stop,risk_stop,loss,2024,19
long,2024-12-11T16:00:00+00:00,2024-12-12T01:00:00+00:00,9.0,100381.712328,100752.315506,0.3691939192958263,6.49337364647702,0.0039739594512334265,0.13246531504111422,correction_exit,two opposing-body correction bars with depth 1.86 ATR,win,2024,16
short,2024-12-18T21:00:00+00:00,2024-12-19T05:00:00+00:00,8.0,100826.510664,100691.754324,0.1336516944924107,0.6301488898105355,0.000384126053487324,0.0128042017829108,correction_exit,correction depth 2.51 ATR >= 2.5,win,2024,21
short,2024-12-20T10:00:00+00:00,2024-12-20T15:00:00+00:00,5.0,94792.88763000001,95647.1256,-0.9011625147809491,-13.462594054047086,-0.008203374672619067,-0.2734458224206356,correction_exit,correction depth 3.03 ATR >= 2.5,loss,2024,10
long,2024-12-24T15:00:00+00:00,2024-12-24T21:00:00+00:00,6.0,97484.55301199999,97278.560396,-0.2113079556046502,-4.11598480881414,-0.0025288026274418907,-0.08429342091472969,correction_exit,correction depth 3.24 ATR >= 2.5,loss,2024,15
short,2024-12-26T10:00:00+00:00,2024-12-27T10:00:00+00:00,24.0,95420.31212,96793.494828,-1.4390884681587361,-27.71844025877266,-0.017072990369181237,-0.569099678972708,correction_exit,correction depth 3.69 ATR >= 2.5,loss,2024,10
short,2024-12-30T15:00:00+00:00,2024-12-30T17:00:00+00:00,2.0,91865.6232,93993.23042282142,-2.3159993354526307,-49.9886476068284,-0.031324988861913934,-1.0441662953971311,risk_stop,risk_stop,loss,2024,15
short,2025-01-07T17:00:00+00:00,2025-01-08T20:00:00+00:00,27.0,97714.033284,94262.738778,3.532035665715511,60.45960510702044,0.03911170490803625,1.3037234969345417,correction_exit,correction depth 4.09 ATR >= 2.5,win,2025,17
short,2025-01-13T12:00:00+00:00,2025-01-13T15:00:00+00:00,3.0,90833.059754,93113.25321257144,-2.5103122857985865,-50.152840456779764,-0.031223007918831078,-1.0407669306277025,risk_stop,risk_stop,loss,2025,12
long,2025-01-15T15:00:00+00:00,2025-01-17T04:00:00+00:00,37.0,99454.68696,101031.519654,1.5854785150891764,25.19610038536031,0.016191560928354564,0.5397186976118188,correction_exit,two opposing-body correction bars with depth 2.00 ATR,win,2025,15
long,2025-01-17T16:00:00+00:00,2025-01-17T22:00:00+00:00,6.0,104020.8,104583.56910200001,0.5410159333517967,11.912574795487615,0.007533303160236781,0.2511101053412261,correction_exit,two opposing-body correction bars with depth 2.10 ATR,win,2025,16
short,2025-01-27T01:00:00+00:00,2025-01-27T09:00:00+00:00,8.0,101707.6544,99063.588756,2.599672226832912,44.73449647921714,0.028077791685533253,0.9359263895177752,correction_exit,correction depth 3.51 ATR >= 2.5,win,2025,1
short,2025-01-31T20:00:00+00:00,2025-02-02T02:00:00+00:00,30.0,102291.847538,101268.629676,1.0002926788666064,17.032928367310788,0.010398812234615449,0.34662707448718166,correction_exit,two opposing-body correction bars with depth 1.56 ATR,win,2025,20
short,2025-02-02T19:00:00+00:00,2025-02-03T05:00:00+00:00,10.0,97068.502416,92805.087306,4.392171511752152,120.72233707714837,0.07294394104980353,2.431464701660118,correction_exit,correction depth 4.11 ATR >= 2.5,win,2025,19
short,2025-02-11T20:00:00+00:00,2025-02-11T21:00:00+00:00,1.0,95021.801838,96318.10334014284,-1.3642148191978845,-57.267830270678495,-0.032250413473842054,-1.075013782461402,risk_stop,risk_stop,loss,2025,20
long,2025-02-14T18:00:00+00:00,2025-02-14T21:00:00+00:00,3.0,98545.695198,97176.66078,-1.3892381754974725,-33.88439797574976,-0.019717930764278597,-0.6572643588092866,correction_exit,correction depth 2.88 ATR >= 2.5,loss,2025,18
short,2025-02-17T17:00:00+00:00,2025-02-17T22:00:00+00:00,5.0,95315.68305,96428.611866,-1.167624026170161,-35.42280767124872,-0.02102778295661241,-0.700926098553747,correction_exit,correction depth 2.65 ATR >= 2.5,loss,2025,17
short,2025-02-18T18:00:00+00:00,2025-02-18T22:00:00+00:00,4.0,94083.33956800001,95084.473092,-1.0640922490601081,-31.446361726038862,-0.019068237104120544,-0.6356079034706849,correction_exit,correction depth 3.40 ATR >= 2.5,loss,2025,18
long,2025-02-21T14:00:00+00:00,2025-02-21T15:00:00+00:00,1.0,99354.78698399999,98424.68808889286,-0.9361389856906606,-53.79782595209041,-0.033255697870713724,-1.1085232623571242,risk_stop,risk_stop,loss,2025,14
short,2025-02-21T21:00:00+00:00,2025-02-25T02:00:00+00:00,77.0,95047.226752,92036.813682,3.167281332526253,68.9110537887064,0.044063461440747936,1.4687820480249312,correction_exit,two opposing-body correction bars with depth 1.72 ATR,win,2025,21
short,2025-02-28T03:00:00+00:00,2025-02-28T16:00:00+00:00,13.0,80789.3389,84758.56796678572,-4.913060461725991,-50.015247989715576,-0.030631287290197668,-1.0210429096732556,risk_stop,risk_stop,loss,2025,3
long,2025-03-02T18:00:00+00:00,2025-03-03T02:00:00+00:00,8.0,94112.55874800001,93066.023072,-1.1120042743734815,-7.4495565877055325,-0.004706567018750419,-0.15688556729168063,correction_exit,two opposing-body correction bars with depth 1.78 ATR,loss,2025,18
short,2025-03-03T20:00:00+00:00,2025-03-04T18:00:00+00:00,22.0,85588.888798,85460.96877600001,0.14945867833603693,0.5329425229425919,0.0003383008263978587,0.011276694213261957,correction_exit,two opposing-body correction bars with depth 2.43 ATR,win,2025,20
short,2025-03-09T23:00:00+00:00,2025-03-10T09:00:00+00:00,10.0,80342.108364,83356.80427725,-3.7523236253541508,-48.57191852753705,-0.030822016293011498,-1.0274005431003832,risk_stop,risk_stop,loss,2025,23
short,2025-03-13T17:00:00+00:00,2025-03-14T07:00:00+00:00,14.0,80860.18472800001,82404.8351715,-1.910273206394393,-48.27148708013036,-0.03160551897583093,-1.0535172991943644,risk_stop,risk_stop,loss,2025,17
long,2025-03-17T19:00:00+00:00,2025-03-18T01:00:00+00:00,6.0,84513.469314,83172.82407189286,-1.5863095586883698,-47.17665268621906,-0.03189679633799492,-1.0632265445998308,risk_stop,risk_stop,loss,2025,19
short,2025-03-26T15:00:00+00:00,2025-03-26T21:00:00+00:00,6.0,86755.785372,87297.45599999999,-0.6243625432901839,-20.451553392647313,-0.014283169340476458,-0.4761056446825486,correction_exit,correction depth 3.23 ATR >= 2.5,loss,2025,15
short,2025-03-28T16:00:00+00:00,2025-03-29T20:00:00+00:00,28.0,84034.33976999999,82774.95168,1.4986588737971984,41.16899870949292,0.02916865591026937,0.9722885303423123,correction_exit,two opposing-body correction bars with depth 1.98 ATR,win,2025,16
long,2025-04-01T10:00:00+00:00,2025-04-01T13:00:00+00:00,3.0,84378.88240199999,83598.536948,-0.924811317460041,-34.436032791819876,-0.023706785739812806,-0.7902261913270936,correction_exit,two opposing-body correction bars with depth 2.15 ATR,loss,2025,10
long,2025-04-04T09:00:00+00:00,2025-04-04T10:00:00+00:00,1.0,84432.8832,82898.30880735714,-1.817507983243731,-44.8850232229603,-0.03165051240160102,-1.0550170800533674,risk_stop,risk_stop,loss,2025,9
short,2025-04-06T18:00:00+00:00,2025-04-06T20:00:00+00:00,2.0,80792.648238,79630.26286799999,1.4387266605939617,24.1656290633821,0.017597268839115873,0.5865756279705291,correction_exit,correction depth 4.77 ATR >= 2.5,win,2025,18
long,2025-04-21T02:00:00+00:00,2025-04-21T17:00:00+00:00,15.0,87310.538616,87159.534606,-0.17295049646198393,-4.048270708801906,-0.0028969485191278482,-0.09656495063759495,correction_exit,correction depth 2.93 ATR >= 2.5,loss,2025,2
long,2025-04-22T15:00:00+00:00,2025-04-23T11:00:00+00:00,20.0,90815.88954599999,93726.290992,3.20472712490013,58.52713898009348,0.042003790214613174,1.4001263404871058,correction_exit,two opposing-body correction bars with depth 1.92 ATR,win,2025,15
short,2025-04-28T02:00:00+00:00,2025-04-28T03:00:00+00:00,1.0,92931.41,93912.35675132144,-1.0555599568772638,-47.79060053457494,-0.03291579699708837,-1.097193233236279,risk_stop,risk_stop,loss,2025,2
long,2025-05-01T12:00:00+00:00,2025-05-04T10:00:00+00:00,70.0,96199.246002,95398.23171553572,-0.8326617096849499,-47.28009086231042,-0.033672541787124144,-1.1224180595708049,risk_stop,risk_stop,loss,2025,12
long,2025-05-07T00:00:00+00:00,2025-05-07T04:00:00+00:00,4.0,96853.38680400001,96487.59861999999,-0.37767206297107225,-7.760377208729615,-0.005719474253991592,-0.19064914179971976,correction_exit,two opposing-body correction bars with depth 2.45 ATR,loss,2025,0
long,2025-05-08T04:00:00+00:00,2025-05-08T23:00:00+00:00,19.0,99172.620558,102997.34641,3.856634855951149,99.30732617426067,0.07361149420055269,2.4537164733517565,correction_exit,correction depth 3.00 ATR >= 2.5,win,2025,4
short,2025-05-12T16:00:00+00:00,2025-05-12T20:00:00+00:00,4.0,102506.764546,101880.36199800001,0.6110841082286813,11.398715294508559,0.007869970392966186,0.2623323464322062,correction_exit,correction depth 2.65 ATR >= 2.5,win,2025,16
long,2025-05-18T15:00:00+00:00,2025-05-18T19:00:00+00:00,4.0,105292.034196,104477.11039799999,-0.7739652901785823,-26.613867260857088,-0.01823142742791857,-0.6077142475972857,correction_exit,correction depth 5.72 ATR >= 2.5,loss,2025,15
short,2025-05-28T15:00:00+00:00,2025-05-28T22:00:00+00:00,7.0,107501.20545800001,107517.23914800001,-0.014914893216021493,-2.729867771850509,-0.001904781534227863,-0.06349271780759544,correction_exit,two opposing-body correction bars with depth 1.63 ATR,loss,2025,15
long,2025-06-03T16:00:00+00:00,2025-06-04T12:00:00+00:00,20.0,106631.982132,105017.0848815,-1.5144586250876522,-45.75800975802049,-0.03198885625172431,-1.0662952083908104,risk_stop,risk_stop,loss,2025,16
short,2025-06-05T18:00:00+00:00,2025-06-05T22:00:00+00:00,4.0,103219.39199199999,101563.128564,1.6046049061482166,42.72709788195103,0.030857065644010515,1.0285688548003504,correction_exit,correction depth 2.98 ATR >= 2.5,win,2025,18
long,2025-06-06T16:00:00+00:00,2025-06-07T00:00:00+00:00,8.0,105113.29845599999,103859.42288878573,-1.1928800500339405,-46.44646444450828,-0.03253909257125233,-1.0846364190417443,risk_stop,risk_stop,loss,2025,16
long,2025-06-09T19:00:00+00:00,2025-06-09T23:00:00+00:00,4.0,108467.86923599998,110155.244544,1.5556452983589955,69.24066544344099,0.05013956762641064,1.6713189208803547,correction_exit,correction depth 3.06 ATR >= 2.5,win,2025,19
short,2025-06-12T22:00:00+00:00,2025-06-13T04:00:00+00:00,6.0,105873.141136,104298.075444,1.4876914721711554,51.242585365104134,0.035334858983471856,1.1778286327823952,correction_exit,correction depth 2.70 ATR >= 2.5,win,2025,22
long,2025-06-16T09:00:00+00:00,2025-06-17T00:00:00+00:00,15.0,107201.436,106446.3889635,-0.7043254873003822,-51.596528243619176,-0.03436465378981089,-1.1454884596603632,risk_stop,risk_stop,loss,2025,9
short,2025-06-17T17:00:00+00:00,2025-06-17T19:00:00+00:00,2.0,103609.943866,105127.60613839286,-1.4647843785685961,-46.53281101192702,-0.032095018245764405,-1.0698339415254803,risk_stop,risk_stop,loss,2025,17
long,2025-06-29T10:00:00+00:00,2025-06-29T14:00:00+00:00,4.0,107913.218328,108029.919694,0.10814371752428185,2.32301362677265,0.0016553787291151358,0.05517929097050453,correction_exit,correction depth 3.35 ATR >= 2.5,win,2025,10
long,2025-07-02T17:00:00+00:00,2025-07-03T16:00:00+00:00,23.0,109434.89260199999,109106.02443,-0.300514912730839,-12.258005444535701,-0.00872061463694035,-0.2906871545646783,correction_exit,correction depth 3.03 ATR >= 2.5,loss,2025,17
long,2025-07-10T18:00:00+00:00,2025-07-10T20:00:00+00:00,2.0,113745.574566,113279.13964000001,-0.4100686358829212,-9.170190242596963,-0.006581267698083569,-0.219375589936119,correction_exit,two opposing-body correction bars with depth 1.66 ATR,loss,2025,18
short,2025-07-25T04:00:00+00:00,2025-07-25T23:00:00+00:00,19.0,115396.56607,117589.82397642857,-1.9006266660466558,-43.75986163918157,-0.031613662028876784,-1.053788734295893,risk_stop,risk_stop,loss,2025,4
long,2025-08-06T16:00:00+00:00,2025-08-08T03:00:00+00:00,35.0,115436.95277399999,116676.66,1.0739258064331318,27.12347745595399,0.020234644609802756,0.674488153660092,correction_exit,two opposing-body correction bars with depth 1.76 ATR,win,2025,16
long,2025-08-11T03:00:00+00:00,2025-08-11T19:00:00+00:00,16.0,121900.365198,118805.85211210715,-2.538559323318268,-42.631050173291406,-0.031172826066622354,-1.0390942022207452,risk_stop,risk_stop,loss,2025,3
long,2025-08-13T21:00:00+00:00,2025-08-14T06:00:00+00:00,9.0,122928.59080199999,121310.61480935714,-1.316191767990664,-42.79002820381227,-0.03229582672913407,-1.0765275576378024,risk_stop,risk_stop,loss,2025,21
short,2025-08-18T03:00:00+00:00,2025-08-20T04:00:00+00:00,49.0,115428.9096,113548.60518,1.6289718290815425,32.68956856780712,0.02549590360718455,0.8498634535728183,correction_exit,two opposing-body correction bars with depth 2.16 ATR,win,2025,3
short,2025-08-21T17:00:00+00:00,2025-08-22T02:00:00+00:00,9.0,112357.104084,113535.12534171429,-1.0484617482073701,-43.305283526369,-0.03293579691518801,-1.0978598971729339,risk_stop,risk_stop,loss,2025,17
short,2025-08-29T03:00:00+00:00,2025-08-29T16:00:00+00:00,13.0,111397.696004,108407.90724599999,2.6838874278806037,108.97999713480719,0.08570748950880651,2.856916316960217,correction_exit,correction depth 2.56 ATR >= 2.5,win,2025,3
long,2025-08-31T02:00:00+00:00,2025-08-31T04:00:00+00:00,2.0,109450.905804,108704.33389132144,-0.682106655211684,-47.64392470767065,-0.03451172585828656,-1.1503908619428853,risk_stop,risk_stop,loss,2025,2
short,2025-09-04T16:00:00+00:00,2025-09-04T19:00:00+00:00,3.0,109488.41793600001,109998.9954,-0.46633011383764666,-20.598214934410624,-0.015454029261221799,-0.5151343087073933,correction_exit,two opposing-body correction bars with depth 1.70 ATR,loss,2025,16
long,2025-09-10T14:00:00+00:00,2025-09-12T22:00:00+00:00,56.0,113974.780398,115842.716822,1.63890328849695,38.762001712964555,0.029538085410252282,0.9846028470084094,correction_exit,two opposing-body correction bars with depth 1.77 ATR,win,2025,14
long,2025-09-17T07:00:00+00:00,2025-09-17T10:00:00+00:00,3.0,117257.726856,116526.699998,-0.6234359795305816,-31.864152207732772,-0.023585011724251728,-0.7861670574750577,correction_exit,two opposing-body correction bars with depth 1.74 ATR,loss,2025,7
short,2025-09-22T02:00:00+00:00,2025-09-22T08:00:00+00:00,6.0,114250.58531200001,112542.504,1.4950306883203386,53.08798822164803,0.040243482824757974,1.3414494274919326,correction_exit,correction depth 6.16 ATR >= 2.5,win,2025,2
long,2025-09-28T22:00:00+00:00,2025-09-29T17:00:00+00:00,19.0,110856.156798,113603.42477,2.4782276883421295,172.3417901267962,0.12558994992351077,4.186331664117026,correction_exit,two opposing-body correction bars with depth 2.15 ATR,win,2025,22
long,2025-10-01T10:00:00+00:00,2025-10-01T18:00:00+00:00,8.0,116435.38242000001,116744.72638400001,0.26567866018951974,4.785588634809124,0.003098271307598609,0.10327571025328697,correction_exit,correction depth 2.61 ATR >= 2.5,win,2025,10
long,2025-10-02T20:00:00+00:00,2025-10-03T05:00:00+00:00,9.0,120860.657298,119729.17258964285,-0.9361894380297028,-51.525606537061485,-0.033255517596212696,-1.10851725320709,risk_stop,risk_stop,loss,2025,20
short,2025-10-07T16:00:00+00:00,2025-10-07T21:00:00+00:00,5.0,121821.640798,121967.998722,-0.12014115311637934,-4.63066892378176,-0.0030915240432101746,-0.10305080144033915,correction_exit,two opposing-body correction bars with depth 2.15 ATR,loss,2025,16
short,2025-10-10T17:00:00+00:00,2025-10-10T23:00:00+00:00,6.0,118181.968878,113722.73999999999,3.77318885472563,74.12938865319356,0.04964368677869173,1.6547895592897244,correction_exit,correction depth 16.89 ATR >= 2.5,win,2025,17
short,2025-10-17T08:00:00+00:00,2025-10-17T13:00:00+00:00,5.0,105612.62325,105371.47007999998,0.22833744923575655,2.3592850287630798,0.0015052620833334103,0.05017540277778035,correction_exit,correction depth 3.59 ATR >= 2.5,win,2025,8
long,2025-10-20T05:00:00+00:00,2025-10-20T18:00:00+00:00,13.0,110444.18442,110260.703448,-0.16613004384391908,-6.252150211379423,-0.003982977732931144,-0.13276592443103813,correction_exit,correction depth 2.65 ATR >= 2.5,loss,2025,5
short,2025-10-21T06:00:00+00:00,2025-10-21T12:00:00+00:00,6.0,107515.612576,109263.65782617856,-1.625852476953442,-49.853741177795705,-0.031886692140226394,-1.0628897380075466,risk_stop,risk_stop,loss,2025,6
short,2025-10-29T17:00:00+00:00,2025-10-29T21:00:00+00:00,4.0,111084.12873000001,111455.73668999999,-0.3345284013553421,-12.949680761005755,-0.00855548405548569,-0.285182801849523,correction_exit,correction depth 4.33 ATR >= 2.5,loss,2025,17
short,2025-11-04T18:00:00+00:00,2025-11-04T23:00:00+00:00,5.0,101094.597036,101315.95913999999,-0.21896531613965256,-5.080531150825742,-0.003385526579262011,-0.11285088597540037,correction_exit,correction depth 2.70 ATR >= 2.5,loss,2025,18
short,2025-11-06T16:00:00+00:00,2025-11-06T18:00:00+00:00,2.0,101994.087102,101824.380804,0.16638836899465403,2.2178383950296903,0.0014829271513997291,0.04943090504665764,correction_exit,correction depth 2.64 ATR >= 2.5,win,2025,16
long,2025-11-09T20:00:00+00:00,2025-11-11T04:00:00+00:00,32.0,104826.531114,106434.70880000001,1.534132312602331,46.74592991501676,0.0312097415889082,1.0403247196302734,correction_exit,correction depth 2.99 ATR >= 2.5,win,2025,20
short,2025-11-11T17:00:00+00:00,2025-11-12T09:00:00+00:00,16.0,103378.740116,104751.55022796427,-1.327942389725251,-49.90784623447121,-0.03231232367253715,-1.0770774557512384,risk_stop,risk_stop,loss,2025,17
short,2025-11-16T17:00:00+00:00,2025-11-16T19:00:00+00:00,2.0,94205.625106,94068.439926,0.14562313008977953,1.8676293194928322,0.0012495534418286956,0.04165178139428986,correction_exit,correction depth 3.30 ATR >= 2.5,win,2025,17
long,2025-11-26T19:00:00+00:00,2025-11-28T17:00:00+00:00,46.0,90163.719138,90918.052752,0.8366265513576011,11.619518861126632,0.007764436843634013,0.25881456145446713,correction_exit,correction depth 3.05 ATR >= 2.5,win,2025,19
long,2025-12-02T16:00:00+00:00,2025-12-04T01:00:00+00:00,33.0,90868.180002,93036.259026,2.3859606563620916,27.44707814853233,0.018199476963841398,0.6066492321280467,correction_exit,two opposing-body correction bars with depth 2.01 ATR,win,2025,16
long,2025-12-09T17:00:00+00:00,2025-12-11T02:00:00+00:00,33.0,94206.647562,90085.01475007144,-4.375097637580193,-47.096991660026696,-0.030670657465300923,-1.022355248843364,risk_stop,risk_stop,loss,2025,17
long,2025-12-29T04:00:00+00:00,2025-12-29T09:00:00+00:00,5.0,90141.57471,88325.78398803574,-2.014376526931061,-46.86583093708377,-0.03148581073684138,-1.0495270245613795,risk_stop,risk_stop,loss,2025,4
long,2025-12-30T16:00:00+00:00,2025-12-30T18:00:00+00:00,2.0,89034.163272,88353.665732,-0.7643105915659434,-24.836897248656125,-0.017228596980259376,-0.5742865660086459,correction_exit,correction depth 2.93 ATR >= 2.5,loss,2025,16
long,2026-01-02T00:00:00+00:00,2026-01-02T02:00:00+00:00,2.0,88856.81781000001,88622.162022,-0.2640830425660318,-24.134754564999483,-0.017035031743964202,-0.5678343914654734,correction_exit,two opposing-body correction bars with depth 1.54 ATR,loss,2026,0
long,2026-01-02T10:00:00+00:00,2026-01-02T14:00:00+00:00,4.0,89485.213464,88658.66668389286,-0.9236685571964982,-46.376034856759915,-0.033300874152387014,-1.1100291384129004,risk_stop,risk_stop,loss,2026,10
long,2026-01-05T02:00:00+00:00,2026-01-05T06:00:00+00:00,4.0,92985.883458,92341.51800200001,-0.6929712683657332,-18.55223785113296,-0.013780564173818925,-0.4593521391272975,correction_exit,two opposing-body correction bars with depth 2.35 ATR,loss,2026,2
short,2026-01-06T18:00:00+00:00,2026-01-06T20:00:00+00:00,2.0,91570.912154,92122.910898,-0.6028101402677624,-10.636694315916962,-0.008011315134887863,-0.26704383782959545,correction_exit,two opposing-body correction bars with depth 2.00 ATR,loss,2026,18
long,2026-01-13T21:00:00+00:00,2026-01-14T00:00:00+00:00,3.0,94427.58174,95394.907202,1.0244098643375976,32.056971897085084,0.024339570776971617,0.8113190258990539,correction_exit,correction depth 4.12 ATR >= 2.5,win,2026,21
